Thread 127741685163712,,,,,,,,,,,,,,,,,,,,,,,,,,,,Description,Command
tree,depth,nodes,Active Samples,TreeTrain,NodeTrain,-FindBestCondition,--ObliqueSplitSearch,---FindObliqueSetup,SampleProjection,ApplyProjection,---EvaluateProj,----CartPath,--SortFillBuckets,--SortFeatures,-SortScanSplits,----EntropyTableSetup,--HistogramSetup,---MinMaxNumerical,--AssignSamplesToHist,--SelectBestThresholdHistogram,--AxisAlignedSplitSearch,SplitExamplesInPlace,SetLeafValue,,,,,Helper invocation,python3 benchmarks/profiling/parallel_chrono.py --rows=1500000 --cols=4096 --num_trees=5 --num_threads=1 --feature_split_type=Oblique '--numerical_split_type=Dynamic Random Histogram' --experiment_name=control_cm_5trees_1500k_pcore_2026-06-10
0,0,0,0,88.479,0.0,0.0,0.0,0.0,0.0,0.0,0.0,0.0,0.0,0.0,0.0,0.0,0.0,0.0,0.0,0.0,0.0,0.0,0.0,,,,,Bazel build,bazel build --ui_event_filters=-warning -c opt --config=enable_std_upper_bound_avx2 --config=chrono_profile --ui_event_filters=-warning --repo_env=CC=/opt/intel/oneapi/compiler/latest/bin/icx --repo_env=CXX=/opt/intel/oneapi/compiler/latest/bin/icpx //examples:train_oblique_forest
0,1,1,1500000,0.0,1.70079,1.67194,1.67188,0.00780113,0.000205026,0.395667,1.26689,0.0,0.0,0.0,0.0,0.32093,0.316093,0.315775,0.628552,0.000206803,3.9692e-05,0.0181089,0.0107255,,,,,Binary command,./bazel-bin/examples/train_oblique_forest --num_trees=5 --feature_split_type=Oblique --compute_oob_performances=false --histogram_num_bins=64 --num_threads=1 --tree_depth=-1 --numerical_split_type=Dynamic Random Histogram --input_mode=trunk --rows=1500000 --cols=4096
0,2,2,1500000,0.0,1.60747,1.58231,1.58224,0.00542598,0.000302265,0.369217,1.20718,0.0,0.0,0.0,0.0,0.269108,0.316199,0.315757,0.621195,0.000320375,6.8984e-05,0.0194797,0.00566631,,,,,,
0,3,4,1500000,0.0,1.63303,1.60646,1.60633,0.0050913,0.000355816,0.392836,1.20761,0.0,0.0,0.0,0.0,0.2592,0.315616,0.315058,0.631794,0.000524072,0.000126723,0.0200694,0.00648314,,,,,,
0,4,8,1500000,0.0,1.84432,1.81385,1.81364,0.00661482,0.000562651,0.554178,1.252,0.0,0.0,0.0,0.0,0.293724,0.316998,0.316043,0.63667,0.00043601,0.000203131,0.0223782,0.00806439,,,,,,
0,5,16,1500000,0.0,2.1198,2.08587,2.08545,0.00733279,0.000962173,0.870716,1.20592,0.0,0.0,0.0,0.0,0.25967,0.31911,0.317282,0.625071,0.000766551,0.000401047,0.0237492,0.0101498,,,,,,
0,6,32,1500000,0.0,2.54891,2.50651,2.50564,0.00860795,0.0018922,1.23871,1.25542,0.0,0.0,0.0,0.0,0.260232,0.322414,0.318735,0.668699,0.00148178,0.000834048,0.0301247,0.0122074,,,,,,
0,7,64,1500000,0.0,2.91044,2.86285,2.86114,0.0109363,0.00374297,1.5854,1.25921,0.0,0.0,0.0,0.0,0.257049,0.325766,0.318678,0.668533,0.00278264,0.00164195,0.0344612,0.0129903,,,,,,
0,8,128,1500000,0.0,3.07166,3.02119,3.0178,0.0143041,0.00665485,1.72037,1.27337,0.0,0.0,0.0,0.0,0.253451,0.332482,0.319846,0.673558,0.00483964,0.00326364,0.0359616,0.0142676,,,,,,
0,9,256,1500000,0.0,3.15315,3.09943,3.09292,0.0196943,0.0109276,1.79,1.26724,0.000565639,3.5415e-05,0.000219802,0.000221224,0.250143,0.340962,0.318897,0.651778,0.00816535,0.00629485,0.0379444,0.0153611,,,,,,
0,10,512,1500000,0.0,3.3118,3.2553,3.24312,0.0309992,0.0184199,1.87385,1.31164,0.00898802,0.000543648,0.00360589,0.00359704,0.250332,0.356519,0.318347,0.65512,0.0141801,0.0118176,0.0384253,0.0174007,,,,,,
0,11,1018,1499901,0.0,3.47558,3.41921,3.3963,0.0519023,0.0307699,1.90857,1.39119,0.0454528,0.0027931,0.017919,0.0180593,0.248825,0.377263,0.315199,0.653047,0.0231962,0.0222706,0.0362946,0.0189728,,,,,,
0,12,1994,1499585,0.0,3.76945,3.71411,3.67107,0.0907137,0.0523904,1.98299,1.52141,0.188867,0.0117204,0.0743905,0.074912,0.237698,0.385694,0.299491,0.614881,0.0324186,0.0419844,0.0325334,0.0209799,,,,,,
0,13,3704,1496488,0.0,4.20934,4.15381,4.07629,0.156345,0.0866746,2.07342,1.71949,0.475982,0.0298936,0.184958,0.188601,0.212261,0.368242,0.267021,0.546133,0.038199,0.0758545,0.0310489,0.0215764,,,,,,
0,14,6460,1485555,0.0,4.79393,4.73877,4.60681,0.260187,0.139534,2.18519,1.95699,0.905001,0.0577992,0.344185,0.358278,0.172857,0.313322,0.217496,0.442298,0.0361459,0.129243,0.0295891,0.0211353,,,,,,
0,15,10358,1456106,0.0,5.45354,5.3985,5.18982,0.404456,0.2118,2.31657,2.15843,1.30962,0.0861372,0.479845,0.516713,0.133245,0.249147,0.166701,0.338771,0.0312226,0.204687,0.0279994,0.0207857,,,,,,
0,16,14970,1398690,0.0,6.05594,6.00217,5.70527,0.571579,0.293796,2.40715,2.29574,1.65677,0.111768,0.586241,0.648399,0.0936139,0.179221,0.117599,0.240874,0.0232392,0.291439,0.025837,0.0198402,,,,,,
0,17,19272,1298644,0.0,6.4076,6.35705,5.97864,0.722869,0.367049,2.40869,2.30836,1.83237,0.126907,0.624691,0.710037,0.063312,0.122371,0.0794376,0.166066,0.0161034,0.371679,0.0229147,0.018224,,,,,,
0,18,22352,1149469,0.0,6.38167,6.33621,5.90151,0.826916,0.417297,2.29203,2.17034,1.79932,0.128098,0.58797,0.686438,0.0439651,0.0863533,0.0551602,0.116253,0.0116306,0.427112,0.0196572,0.0157888,,,,,,
0,19,23482,964529,0.0,5.96216,5.9237,5.46957,0.85775,0.431835,2.05931,1.91918,1.6493,0.120471,0.518487,0.619509,0.0275695,0.0545735,0.034611,0.0706976,0.00735037,0.446264,0.0156364,0.0131114,,,,,,
0,20,22144,764098,0.0,5.15835,5.12782,4.70227,0.801976,0.402774,1.72467,1.58449,1.37859,0.102836,0.418017,0.508566,0.0181033,0.0359345,0.0227267,0.0469463,0.00478778,0.418321,0.0119052,0.0100391,,,,,,
0,21,19046,568976,0.0,4.14588,4.12299,3.75818,0.683719,0.342934,1.34895,1.22225,1.07106,0.0814387,0.31506,0.388175,0.0115347,0.0229406,0.0145125,0.0299852,0.00301108,0.358733,0.00855282,0.00738879,,,,,,
0,22,15062,396477,0.0,3.1021,3.086,2.7983,0.537623,0.269216,0.983121,0.882347,0.775753,0.0600042,0.222144,0.275921,0.00704377,0.0140249,0.00881119,0.0187584,0.00185119,0.282968,0.00580103,0.00504877,,,,,,
0,23,11004,259521,0.0,2.16362,2.15332,1.94421,0.38996,0.195233,0.671136,0.596476,0.527059,0.0413331,0.147387,0.184409,0.00372391,0.00745316,0.00471394,0.0105531,0.000965391,0.205699,0.00356147,0.00311681,,,,,,
0,24,7464,160923,0.0,1.41964,1.41328,1.27154,0.263995,0.132712,0.431986,0.380781,0.33798,0.0268131,0.092731,0.11606,0.00192981,0.00380343,0.00243238,0.00497762,0.000481225,0.139453,0.00213815,0.00187619,,,,,,
0,25,4686,93765,0.0,0.861692,0.858042,0.76907,0.164397,0.0825658,0.258093,0.225397,0.196963,0.01589,0.0527129,0.0661441,0.00147532,0.00292775,0.00184352,0.00381179,0.000376725,0.0875531,0.00118722,0.00104863,,,,,,
0,26,2710,51772,0.0,0.488491,0.486431,0.435046,0.0948487,0.0475881,0.144778,0.125512,0.108278,0.00885507,0.0282837,0.0357795,0.00101241,0.00205669,0.00124491,0.00233624,0.000270613,0.0505696,0.000670231,0.000580299,,,,,,
0,27,1538,28475,0.0,0.272163,0.271164,0.242373,0.0535474,0.0268665,0.0800534,0.069269,0.0594352,0.00484687,0.0155518,0.0194744,0.000561764,0.0012365,0.000702297,0.00132909,0.000158126,0.0283225,0.000306086,0.00026823,,,,,,
0,28,742,13437,0.0,0.131759,0.131201,0.117321,0.0257234,0.0129677,0.0383695,0.0341813,0.031176,0.00249277,0.00843333,0.010417,0.0,0.0,0.0,0.0,0.0,0.0136555,0.000177904,0.000156519,,,,,,
0,29,446,7787,0.0,0.0785506,0.0782844,0.0697701,0.0156503,0.00787375,0.0225107,0.0200589,0.0182264,0.00146975,0.0050109,0.00594075,0.0,0.0,0.0,0.0,0.0,0.0083773,7.4155e-05,6.5199e-05,,,,,,
0,30,198,2904,0.0,0.0325833,0.0324695,0.0288138,0.00686709,0.0034742,0.00897676,0.00788158,0.00707592,0.000586671,0.00183626,0.00221973,0.0,0.0,0.0,0.0,0.0,0.00359594,3.1272e-05,2.651e-05,,,,,,
0,31,94,1111,0.0,0.0144631,0.014419,0.0126779,0.00320289,0.00161763,0.00386577,0.00323118,0.00285017,0.000244723,0.000671922,0.000851386,0.0,0.0,0.0,0.0,0.0,0.0017128,1.0561e-05,1.0549e-05,,,,,,
0,32,30,396,0.0,0.00479355,0.0047774,0.00422134,0.00103356,0.000519504,0.00130306,0.00112059,0.00100062,8.5704e-05,0.00024582,0.000308063,0.0,0.0,0.0,0.0,0.0,0.000547038,4.208e-06,3.264e-06,,,,,,
0,33,12,139,0.0,0.00196322,0.00195941,0.00166826,0.00043622,0.000204228,0.000465617,0.000464014,0.000414811,3.7206e-05,0.00010932,0.000114153,0.0,0.0,0.0,0.0,0.0,0.00028753,3.76e-07,3.62e-07,,,,,,
0,34,2,4,0.0,0.000231829,0.000231309,0.000194166,6.5052e-05,3.4819e-05,4.7078e-05,3.0697e-05,2.2707e-05,2.223e-06,2.618e-06,2.754e-06,0.0,0.0,0.0,0.0,0.0,3.6489e-05,0.0,0.0,,,,,,
1,0,0,0,87.4662,0.0,0.0,0.0,0.0,0.0,0.0,0.0,0.0,0.0,0.0,0.0,0.0,0.0,0.0,0.0,0.0,0.0,0.0,0.0,,,,,,
1,1,1,1500000,0.0,1.60106,1.57315,1.5731,0.0069992,0.000187856,0.324743,1.24106,0.0,0.0,0.0,0.0,0.308485,0.315294,0.315011,0.616736,0.000214039,3.8722e-05,0.0173023,0.0105979,,,,,,
1,2,2,1500000,0.0,1.66631,1.64152,1.64146,0.00456426,0.000319407,0.416128,1.22032,0.0,0.0,0.0,0.0,0.265306,0.315437,0.314992,0.638889,0.000341994,5.9195e-05,0.0191866,0.00559245,,,,,,
1,3,4,1500000,0.0,1.78054,1.75598,1.75586,0.00449528,0.000436269,0.457285,1.29346,0.0,0.0,0.0,0.0,0.327015,0.316359,0.315727,0.641806,0.000466851,0.000108003,0.0182425,0.00631313,,,,,,
1,4,8,1500000,0.0,1.78465,1.75564,1.75543,0.00519857,0.000533449,0.535183,1.21425,0.0,0.0,0.0,0.0,0.26047,0.316735,0.31574,0.635907,0.000413881,0.000195025,0.0206926,0.00830137,,,,,,
1,5,16,1500000,0.0,2.23867,2.20464,2.20422,0.00693293,0.000974411,0.857269,1.33845,0.0,0.0,0.0,0.0,0.259122,0.319747,0.317808,0.757509,0.000769934,0.00040141,0.0236487,0.0103408,,,,,,
1,6,32,1500000,0.0,2.51391,2.47296,2.4721,0.00846888,0.00187664,1.2206,1.24012,0.0,0.0,0.0,0.0,0.2605,0.321942,0.318151,0.653608,0.00147503,0.000833761,0.0293956,0.01148,,,,,,
1,7,64,1500000,0.0,2.81676,2.76889,2.76724,0.0107431,0.00364662,1.5077,1.24336,0.0,0.0,0.0,0.0,0.262556,0.324888,0.317822,0.6473,0.0027278,0.00158034,0.0351159,0.0126143,,,,,,
1,8,128,1500000,0.0,3.04786,2.99637,2.99304,0.0139225,0.00651443,1.7236,1.24597,0.0,0.0,0.0,0.0,0.252607,0.332491,0.319739,0.647096,0.00478501,0.00320969,0.036877,0.0143688,,,,,,
1,9,256,1500000,0.0,3.18089,3.12814,3.1218,0.0195129,0.0110837,1.82781,1.25839,0.00111247,6.7918e-05,0.000460156,0.000438379,0.2493,0.340524,0.31849,0.643794,0.00815538,0.00611792,0.0368202,0.0155051,,,,,,
1,10,512,1500000,0.0,3.27099,3.2169,3.20495,0.0305854,0.0183082,1.86267,1.28508,0.00970147,0.000597715,0.00381572,0.00386327,0.249581,0.355729,0.318089,0.630139,0.0138997,0.0115784,0.0367095,0.0166682,,,,,,
1,11,1018,1499972,0.0,3.44423,3.38958,3.36722,0.051847,0.0307538,1.90947,1.36107,0.0541713,0.00332725,0.0213715,0.0216506,0.247342,0.373669,0.313451,0.621637,0.022337,0.0217517,0.0353158,0.0181825,,,,,,
1,12,1984,1499543,0.0,3.75784,3.70312,3.66169,0.0901578,0.0516692,1.9896,1.50644,0.1819,0.0113661,0.0710534,0.0723348,0.237924,0.384121,0.299887,0.609929,0.0315631,0.0404296,0.0331743,0.0196803,,,,,,
1,13,3680,1496121,0.0,4.18069,4.12525,4.05061,0.154991,0.0860849,2.07774,1.69228,0.451092,0.0285004,0.173453,0.178994,0.21455,0.367764,0.269741,0.544232,0.0369177,0.0730158,0.0318914,0.0206233,,,,,,
1,14,6316,1485069,0.0,4.73707,4.68173,4.55656,0.254451,0.137007,2.18819,1.91409,0.828428,0.053312,0.310687,0.328221,0.18011,0.323342,0.225683,0.457201,0.0369116,0.122589,0.0299738,0.0209239,,,,,,
1,15,9882,1453757,0.0,5.3401,5.28533,5.09297,0.386878,0.203377,2.29902,2.10953,1.24103,0.0816395,0.453887,0.489559,0.138668,0.258172,0.173658,0.344854,0.0318291,0.188509,0.0280962,0.0204922,,,,,,
1,16,14252,1393234,0.0,5.9063,5.85333,5.58009,0.544798,0.281501,2.3767,2.24656,1.57884,0.106293,0.560239,0.617881,0.0999646,0.190385,0.124895,0.251213,0.024588,0.268002,0.0253116,0.0197147,,,,,,
1,17,18358,1286099,0.0,6.21272,6.16291,5.81474,0.687839,0.35276,2.36444,2.24614,1.73867,0.120273,0.592242,0.673262,0.069637,0.13504,0.0869714,0.177277,0.0182096,0.341676,0.0227758,0.0177679,,,,,,
1,18,21344,1143115,0.0,6.20122,6.15583,5.75378,0.78781,0.401175,2.25134,2.12592,1.73703,0.123484,0.569288,0.664049,0.0477446,0.0940908,0.0597608,0.122834,0.0128276,0.394745,0.0194575,0.0160249,,,,,,
1,19,22614,966930,0.0,5.82473,5.78599,5.36334,0.82475,0.417757,2.02884,1.89671,1.60695,0.116774,0.508207,0.604153,0.0312107,0.062161,0.0390732,0.0791719,0.00857437,0.415156,0.0159615,0.0131184,,,,,,
1,20,21384,773477,0.0,5.06601,5.03517,4.63818,0.77226,0.390481,1.71008,1.58277,1.36618,0.101249,0.418784,0.505389,0.0202577,0.0408809,0.0253587,0.0515995,0.00567509,0.390018,0.012103,0.0101676,,,,,,
1,21,18654,582518,0.0,4.12177,4.09861,3.75379,0.668909,0.337246,1.35036,1.23942,1.08635,0.0818451,0.3249,0.394942,0.0121623,0.0244513,0.0150363,0.0303535,0.00336847,0.338806,0.00860469,0.00755251,,,,,,
1,22,14742,400579,0.0,3.06561,3.04938,2.77806,0.52547,0.264922,0.977695,0.885953,0.779174,0.0597085,0.225115,0.27749,0.00723466,0.0147088,0.00902684,0.0186036,0.0020248,0.266664,0.00581878,0.00514822,,,,,,
1,23,10722,263387,0.0,2.13907,2.12864,1.93133,0.379934,0.191603,0.668548,0.601414,0.532251,0.04141,0.151179,0.186884,0.00394712,0.00804624,0.00488003,0.010043,0.00111035,0.193954,0.00356192,0.00320528,,,,,,
1,24,7270,163347,0.0,1.39759,1.39089,1.25748,0.256982,0.129046,0.428328,0.382213,0.33927,0.0267569,0.0942014,0.117427,0.00211803,0.00421596,0.00259839,0.00531151,0.000585417,0.131154,0.00223241,0.00202636,,,,,,
1,25,4802,98515,0.0,0.889301,0.885363,0.797347,0.168721,0.0847032,0.267952,0.236138,0.208427,0.0166903,0.0563545,0.0707299,0.00126182,0.00255747,0.00159326,0.00332127,0.000314581,0.0865573,0.00128273,0.00113919,,,,,,
1,26,2834,55905,0.0,0.516324,0.514107,0.462097,0.0995098,0.049977,0.154422,0.134685,0.118098,0.00951979,0.0313819,0.0397173,0.000815538,0.0015913,0.0010264,0.00202555,0.000185185,0.0511506,0.000687033,0.00064973,,,,,,
1,27,1652,29756,0.0,0.290779,0.289608,0.259473,0.0576061,0.0289925,0.085039,0.0741896,0.0639258,0.00521615,0.0167306,0.0208946,0.000495828,0.000964101,0.000618078,0.0016486,0.000116444,0.0296368,0.000360887,0.00031828,,,,,,
1,28,858,14890,0.0,0.149652,0.149057,0.13334,0.0299463,0.0150233,0.0435241,0.0377914,0.0319459,0.00260855,0.00815349,0.0102928,0.000291278,0.000576359,0.000367333,0.00127285,7.0581e-05,0.0154624,0.000183371,0.00015764,,,,,,
1,29,454,7160,0.0,0.0770988,0.0767674,0.0683856,0.0159062,0.00799807,0.0221269,0.0186415,0.0150297,0.00127012,0.0036035,0.00468705,0.000216746,0.000416092,0.000272828,0.000991697,4.5285e-05,0.00824203,0.000117654,8.1493e-05,,,,,,
1,30,218,3986,0.0,0.037711,0.0375731,0.0336271,0.0075476,0.00379198,0.0110065,0.00949979,0.00700741,0.000600575,0.00163093,0.0021576,0.000215914,0.000407126,0.000267362,0.000865309,3.5926e-05,0.00388201,3.8417e-05,3.7282e-05,,,,,,
1,31,112,1509,0.0,0.0178172,0.0177684,0.0157365,0.00385608,0.0019184,0.00490972,0.00413326,0.0036765,0.00030898,0.000888151,0.00114729,0.0,0.0,0.0,0.0,0.0,0.00199867,1.1554e-05,9.75e-06,,,,,,
1,32,32,414,0.0,0.0050807,0.00506502,0.00449158,0.0011107,0.000557063,0.00131992,0.00121521,0.00108352,9.0282e-05,0.000269965,0.000322928,0.0,0.0,0.0,0.0,0.0,0.000563858,3.018e-06,3.437e-06,,,,,,
1,33,12,68,0.0,0.00154042,0.00153833,0.00132387,0.000398448,0.000202876,0.000365345,0.000256173,0.000207157,1.7225e-05,3.7265e-05,4.9322e-05,0.0,0.0,0.0,0.0,0.0,0.000211115,0.0,0.0,,,,,,
2,0,0,0,88.4631,0.0,0.0,0.0,0.0,0.0,0.0,0.0,0.0,0.0,0.0,0.0,0.0,0.0,0.0,0.0,0.0,0.0,0.0,0.0,,,,,,
2,1,1,1500000,0.0,2.01008,1.98103,1.98098,0.00446769,0.000260299,0.393208,1.58292,0.0,0.0,0.0,0.0,0.617623,0.315783,0.315389,0.616237,0.000227226,3.9488e-05,0.0183928,0.0106476,,,,,,
2,2,2,1500000,0.0,1.77216,1.74637,1.7463,0.00518037,0.000308979,0.364769,1.37588,0.0,0.0,0.0,0.0,0.423498,0.315645,0.315232,0.620685,0.000361457,6.4854e-05,0.0200126,0.00577359,,,,,,
2,3,4,1500000,0.0,1.61723,1.59225,1.59212,0.00519008,0.000344353,0.38121,1.20521,0.0,0.0,0.0,0.0,0.258118,0.315687,0.315154,0.630502,0.000460304,0.00011468,0.0183514,0.00662361,,,,,,
2,4,8,1500000,0.0,1.78724,1.75808,1.75786,0.0060884,0.000514271,0.536374,1.21448,0.0,0.0,0.0,0.0,0.261847,0.316785,0.315815,0.634738,0.000404883,0.000206521,0.0209582,0.00818479,,,,,,
2,5,16,1500000,0.0,2.10534,2.07274,2.07232,0.00681683,0.000953148,0.845912,1.21814,0.0,0.0,0.0,0.0,0.259204,0.318953,0.317062,0.637962,0.000757217,0.000402423,0.0225527,0.0100082,,,,,,
2,6,32,1500000,0.0,2.52577,2.48454,2.48368,0.00891661,0.00190485,1.26467,1.20722,0.0,0.0,0.0,0.0,0.259061,0.320998,0.317267,0.62311,0.00146934,0.000824898,0.0292253,0.0119333,,,,,,
2,7,64,1500000,0.0,2.85659,2.80744,2.80576,0.010963,0.00372128,1.55771,1.23153,0.0,0.0,0.0,0.0,0.25653,0.325181,0.318046,0.642033,0.00275052,0.00161528,0.035916,0.0130922,,,,,,
2,8,128,1500000,0.0,3.01692,2.96515,2.96184,0.0144669,0.00660298,1.71209,1.22557,0.0,0.0,0.0,0.0,0.253007,0.332617,0.319844,0.626158,0.00483285,0.00318031,0.0375599,0.0139654,,,,,,
2,9,256,1500000,0.0,3.1531,3.09901,3.09268,0.0198859,0.011123,1.80112,1.2552,0.00098896,5.8452e-05,0.00039521,0.000396226,0.249754,0.340828,0.31864,0.639966,0.00812511,0.00610279,0.038116,0.0155276,,,,,,
2,10,510,1499972,0.0,3.29486,3.24027,3.22829,0.0311505,0.0186076,1.8753,1.29484,0.00734141,0.000450877,0.00289871,0.00294823,0.249954,0.356604,0.318294,0.640472,0.0140834,0.0116008,0.0368421,0.0170426,,,,,,
2,11,1016,1499926,0.0,3.46707,3.41155,3.3892,0.0523006,0.0310519,1.92242,1.36923,0.0510047,0.003125,0.0203508,0.0203372,0.248229,0.375824,0.31392,0.628573,0.0228665,0.0217393,0.0354607,0.0189219,,,,,,
2,12,1970,1498468,0.0,3.74793,3.6925,3.65123,0.0899749,0.052026,1.97946,1.50594,0.192815,0.0119007,0.0762989,0.0765706,0.237177,0.384355,0.298743,0.598436,0.0319412,0.04026,0.0328373,0.0207652,,,,,,
2,13,3690,1495743,0.0,4.18945,4.13349,4.05855,0.156226,0.086762,2.08074,1.69502,0.459507,0.0289862,0.176718,0.182915,0.213761,0.368011,0.268494,0.538694,0.037363,0.0732574,0.0310869,0.0219609,,,,,,
2,14,6400,1484450,0.0,4.76143,4.70436,4.57782,0.258499,0.139032,2.19377,1.92279,0.845071,0.0544261,0.317699,0.334923,0.178256,0.323645,0.223271,0.448125,0.0378697,0.123881,0.0299127,0.022721,,,,,,
2,15,10270,1457700,0.0,5.45268,5.39649,5.19637,0.400904,0.211177,2.33302,2.15361,1.29421,0.0849654,0.473853,0.510598,0.135026,0.252904,0.168535,0.343041,0.0318662,0.196113,0.0277725,0.0221358,,,,,,
2,16,14766,1398389,0.0,6.01662,5.96188,5.67853,0.56481,0.291621,2.4115,2.27573,1.6059,0.108325,0.565642,0.629107,0.0982389,0.189914,0.122918,0.251924,0.0251642,0.277873,0.0255893,0.0210415,,,,,,
2,17,19042,1296644,0.0,6.36341,6.31149,5.94943,0.714782,0.365623,2.41325,2.28595,1.79573,0.124156,0.610938,0.695755,0.066236,0.129493,0.0828794,0.168251,0.0174237,0.355277,0.0233239,0.0191559,,,,,,
2,18,22358,1152184,0.0,6.38184,6.33605,5.91578,0.825015,0.420187,2.30159,2.17168,1.80054,0.127866,0.588952,0.687241,0.0440147,0.0871857,0.0550595,0.111138,0.0119552,0.412591,0.0193311,0.0164408,,,,,,
2,19,23204,961918,0.0,5.90715,5.86802,5.43431,0.846749,0.429008,2.05177,1.90367,1.6273,0.118311,0.511415,0.611889,0.0286511,0.0573472,0.0360415,0.0722232,0.00786445,0.425941,0.0158443,0.0136099,,,,,,
2,20,22068,766746,0.0,5.14651,5.1157,4.7049,0.797717,0.40312,1.72954,1.58643,1.38577,0.102968,0.422677,0.511536,0.0176649,0.0353563,0.0222184,0.0434423,0.00469782,0.403613,0.0119378,0.010365,,,,,,
2,21,18840,565239,0.0,4.10613,4.08306,3.73347,0.677501,0.34088,1.34161,1.21426,1.06946,0.0809486,0.315345,0.3885,0.0107767,0.0214699,0.0134813,0.0268151,0.0029212,0.343541,0.00852136,0.00762062,,,,,,
2,22,14962,394905,0.0,3.07878,3.06258,2.78612,0.533203,0.268638,0.980651,0.878253,0.775402,0.0595903,0.222548,0.276001,0.00662828,0.0129548,0.00832246,0.0167952,0.00167986,0.271713,0.0058201,0.00515741,,,,,,
2,23,10894,262916,0.0,2.15469,2.14414,1.9427,0.386616,0.194297,0.673982,0.596802,0.524427,0.0408598,0.146675,0.183426,0.00455342,0.00879795,0.00567059,0.0112327,0.00109861,0.198027,0.00372398,0.00328666,,,,,,
2,24,7166,164793,0.0,1.38677,1.38015,1.24838,0.2538,0.127565,0.429441,0.377881,0.330305,0.026056,0.0907523,0.114352,0.00300962,0.00582314,0.0037583,0.00736834,0.000720623,0.129554,0.00226333,0.0020264,,,,,,
2,25,4660,101034,0.0,0.878474,0.874705,0.789131,0.164101,0.0826857,0.268906,0.234735,0.203948,0.016174,0.0554327,0.0694424,0.00190567,0.0037667,0.002396,0.00476029,0.000473974,0.0841547,0.00123363,0.00111214,,,,,,
2,26,2724,54979,0.0,0.499891,0.497678,0.447825,0.0958086,0.0479711,0.150834,0.130686,0.113733,0.00909517,0.0304019,0.0381944,0.000953993,0.00188258,0.00119649,0.00232422,0.000249523,0.0490301,0.000740813,0.000649417,,,,,,
2,27,1590,32392,0.0,0.29145,0.290249,0.261143,0.0556152,0.0280485,0.0876588,0.0766249,0.0663784,0.00529984,0.0179424,0.0221384,0.000619574,0.00119401,0.000776047,0.00145534,0.000148609,0.0286263,0.000384836,0.000353142,,,,,,
2,28,828,18050,0.0,0.15591,0.155264,0.139962,0.0293642,0.0147568,0.0472611,0.0416223,0.0354801,0.00282511,0.00965879,0.0118408,0.000461013,0.000852972,0.000577005,0.00107406,9.3929e-05,0.0150448,0.000205131,0.000191818,,,,,,
2,29,476,9370,0.0,0.0856468,0.0853206,0.0766665,0.0166586,0.00839781,0.025624,0.0220248,0.0185945,0.00149886,0.00498106,0.00610456,0.000241677,0.000504831,0.000304551,0.000560061,6.4028e-05,0.00850684,9.7555e-05,9.2181e-05,,,,,,
2,30,244,4442,0.0,0.0426308,0.0424688,0.0380205,0.00846447,0.00431691,0.0125171,0.0107176,0.00905697,0.00072703,0.002392,0.00291268,0.000118206,0.000216968,0.000147556,0.000267155,2.481e-05,0.00437573,5.5236e-05,3.9111e-05,,,,,,
2,31,108,2315,0.0,0.0195918,0.0195301,0.0175656,0.00373347,0.00187823,0.00579488,0.00527454,0.0043198,0.000345299,0.00120358,0.00138946,8.5634e-05,0.000176351,0.000107262,0.000199413,1.6345e-05,0.00193191,1.8534e-05,1.647e-05,,,,,,
2,32,40,707,0.0,0.00694229,0.00691833,0.00619059,0.00138649,0.000702653,0.00203574,0.00173344,0.00157129,0.000121417,0.000438387,0.000531819,0.0,0.0,0.0,0.0,0.0,0.000715504,7.99e-06,5.715e-06,,,,,,
2,33,16,354,0.0,0.00319317,0.00317449,0.00287535,0.000573109,0.000290957,0.00095647,0.000917797,0.000850484,6.7752e-05,0.000235706,0.000303475,0.0,0.0,0.0,0.0,0.0,0.000294135,6.575e-06,5.783e-06,,,,,,
2,34,16,294,0.0,0.00285098,0.0028412,0.00255218,0.000563139,0.000273392,0.000810064,0.000772912,0.000706515,5.8153e-05,0.000196548,0.000229213,0.0,0.0,0.0,0.0,0.0,0.000284471,2.711e-06,2.648e-06,,,,,,
2,35,10,114,0.0,0.00148691,0.00148263,0.0013087,0.00034246,0.000169165,0.00039458,0.000322807,0.000282659,2.5474e-05,5.5731e-05,8.6804e-05,0.0,0.0,0.0,0.0,0.0,0.000171007,9.84e-07,8.57e-07,,,,,,
2,36,4,13,0.0,0.000479514,0.00047865,0.000408836,0.000130124,6.3007e-05,0.000101688,8.2911e-05,6.6813e-05,6.775e-06,9.956e-06,1.1491e-05,0.0,0.0,0.0,0.0,0.0,6.8717e-05,0.0,0.0,,,,,,
3,0,0,0,84.2928,0.0,0.0,0.0,0.0,0.0,0.0,0.0,0.0,0.0,0.0,0.0,0.0,0.0,0.0,0.0,0.0,0.0,0.0,0.0,,,,,,
3,1,1,1500000,0.0,1.61157,1.5848,1.58475,0.00684953,0.000174161,0.337297,1.24033,0.0,0.0,0.0,0.0,0.310205,0.315389,0.315093,0.614189,0.000216093,3.4381e-05,0.015999,0.0107701,,,,,,
3,2,2,1500000,0.0,1.63522,1.61118,1.61112,0.00495817,0.000303838,0.404798,1.20094,0.0,0.0,0.0,0.0,0.266284,0.315258,0.314832,0.618716,0.000316764,5.9428e-05,0.0183447,0.00568062,,,,,,
3,3,4,1500000,0.0,1.65915,1.63254,1.63243,0.00443444,0.000339433,0.42234,1.20516,0.0,0.0,0.0,0.0,0.258417,0.315828,0.315283,0.630003,0.000475054,0.000106685,0.0198476,0.00675151,,,,,,
3,4,8,1500000,0.0,1.81825,1.78813,1.78791,0.00490542,0.000610528,0.567203,1.2149,0.0,0.0,0.0,0.0,0.259493,0.316846,0.315843,0.637442,0.000408925,0.00021949,0.0219588,0.00813814,,,,,,
3,5,16,1500000,0.0,2.10132,2.06507,2.06465,0.00629936,0.000998448,0.847548,1.2093,0.0,0.0,0.0,0.0,0.257528,0.319453,0.317545,0.630244,0.000761602,0.000410183,0.025776,0.0104348,,,,,,
3,6,32,1500000,0.0,2.43679,2.39521,2.39436,0.00791643,0.00189009,1.16534,1.21825,0.0,0.0,0.0,0.0,0.258246,0.321354,0.317598,0.634611,0.00145697,0.000818975,0.0301332,0.0113702,,,,,,
3,7,64,1500000,0.0,2.83127,2.78439,2.78272,0.0105408,0.00368751,1.51367,1.25298,0.0,0.0,0.0,0.0,0.254775,0.324311,0.317152,0.666235,0.00267911,0.00160925,0.0341071,0.0126276,,,,,,
3,8,128,1500000,0.0,3.02525,2.97565,2.97236,0.0135972,0.00648625,1.67285,1.27644,0.000286816,2.1715e-05,0.000109908,0.00011217,0.252714,0.332874,0.320352,0.677107,0.00463991,0.00316957,0.0356965,0.0136573,,,,,,
3,9,256,1500000,0.0,3.14044,3.08807,3.0818,0.0188337,0.0108672,1.76292,1.28426,0.000337237,2.3573e-05,0.00011907,0.000124949,0.249895,0.341677,0.31941,0.66903,0.00798779,0.00605061,0.0365574,0.0153981,,,,,,
3,10,508,1499986,0.0,3.27293,3.21955,3.2077,0.0304161,0.0181684,1.84836,1.30259,0.00937723,0.000577308,0.00374118,0.00374086,0.250169,0.356463,0.318829,0.64677,0.0137307,0.0114921,0.0358317,0.016848,,,,,,
3,11,1008,1499703,0.0,3.45931,3.40488,3.38274,0.051093,0.0304561,1.90695,1.3804,0.0471824,0.00294022,0.0182931,0.0187792,0.247972,0.374351,0.315147,0.647634,0.0218606,0.0215432,0.0343582,0.0189469,,,,,,
3,12,1940,1498570,0.0,3.73842,3.68325,3.64252,0.0883401,0.0508861,1.98216,1.49792,0.177006,0.0110722,0.0688182,0.0702619,0.238159,0.383146,0.301254,0.609922,0.0305045,0.0397487,0.0327951,0.0205812,,,,,,
3,13,3556,1493643,0.0,4.14278,4.08743,4.01489,0.150556,0.0839373,2.05817,1.68354,0.453835,0.0285797,0.17484,0.180411,0.214309,0.362151,0.269711,0.545339,0.0346234,0.0709279,0.031055,0.0214338,,,,,,
3,14,6112,1482225,0.0,4.68653,4.63086,4.50946,0.246834,0.1333,2.17099,1.89699,0.80294,0.0517519,0.301378,0.318167,0.182351,0.321898,0.228776,0.470202,0.03505,0.118834,0.0298906,0.0215025,,,,,,
3,15,9600,1451176,0.0,5.24052,5.18609,4.99928,0.376018,0.198028,2.27542,2.05842,1.14623,0.0758383,0.415616,0.451916,0.14708,0.268814,0.184667,0.370773,0.0315103,0.183063,0.027671,0.0208646,,,,,,
3,16,13638,1385071,0.0,5.73145,5.67927,5.4178,0.521458,0.269839,2.3369,2.16473,1.44902,0.0981184,0.509591,0.566028,0.110695,0.2055,0.138621,0.274861,0.0250586,0.256451,0.0251362,0.0195918,,,,,,
3,17,17266,1279334,0.0,5.9859,5.93627,5.60732,0.647993,0.332911,2.30984,2.16189,1.5924,0.110589,0.540258,0.615029,0.0820206,0.154736,0.10277,0.208149,0.0193104,0.322811,0.0225594,0.0184082,,,,,,
3,18,19892,1130650,0.0,5.91735,5.87343,5.49794,0.736566,0.375727,2.18001,2.03113,1.59004,0.113148,0.520619,0.605959,0.0587819,0.112171,0.0737117,0.148874,0.0140897,0.368697,0.0190711,0.0157504,,,,,,
3,19,20422,945434,0.0,5.44674,5.41014,5.02783,0.748677,0.380141,1.9296,1.79237,1.455,0.105547,0.462105,0.546112,0.0407982,0.0778129,0.0510251,0.106511,0.00969781,0.375481,0.0152199,0.0126747,,,,,,
3,20,19306,750332,0.0,4.6981,4.66953,4.30971,0.698994,0.354671,1.61144,1.47963,1.22812,0.0906306,0.378128,0.452848,0.0282039,0.0538019,0.0353254,0.0714193,0.00650764,0.35351,0.0113695,0.0096434,,,,,,
3,21,16372,555808,0.0,3.73462,3.71349,3.40942,0.589729,0.298868,1.24861,1.13301,0.946578,0.0713656,0.282772,0.34365,0.0192865,0.037502,0.0241973,0.0488362,0.00463257,0.298833,0.00807222,0.0069395,,,,,,
3,22,13002,382402,0.0,2.77942,2.7648,2.52402,0.464239,0.235065,0.900897,0.814085,0.691302,0.0529078,0.201866,0.246513,0.0109596,0.0217305,0.0137188,0.0272706,0.00283684,0.236683,0.00542154,0.00463964,,,,,,
3,23,9280,256820,0.0,1.93079,1.92118,1.74971,0.330121,0.166949,0.616852,0.557316,0.478637,0.0368406,0.138846,0.169437,0.0064596,0.0127419,0.00812028,0.0167368,0.00159685,0.16856,0.0034117,0.00305061,,,,,,
3,24,6318,163993,0.0,1.27936,1.27336,1.15676,0.22488,0.11324,0.402416,0.363479,0.316252,0.0245161,0.0913264,0.110675,0.00347133,0.00682169,0.00434913,0.00854467,0.000859154,0.114629,0.00207576,0.00181721,,,,,,
3,25,4136,98491,0.0,0.805938,0.802267,0.726257,0.146433,0.0737547,0.248454,0.223211,0.191928,0.0150709,0.0539445,0.0658271,0.00221515,0.00431277,0.00278587,0.00630426,0.000521562,0.0747344,0.00123042,0.00111452,,,,,,
3,26,2508,57345,0.0,0.479555,0.477473,0.431365,0.0882142,0.0445962,0.146969,0.130789,0.112684,0.00889194,0.031705,0.0380572,0.00131712,0.0025544,0.00164767,0.00310588,0.000315799,0.0453129,0.000706135,0.000590618,,,,,,
3,27,1438,31289,0.0,0.267924,0.266818,0.240251,0.0502007,0.0254515,0.0812258,0.0714779,0.0600359,0.00477674,0.01671,0.0198205,0.000930391,0.00178748,0.0011545,0.00219573,0.000213485,0.0261341,0.000373986,0.000316715,,,,,,
3,28,718,16312,0.0,0.135273,0.134749,0.121604,0.025137,0.0127812,0.0413273,0.0364252,0.0296176,0.00235181,0.00819719,0.00980329,0.000593226,0.00121026,0.000729332,0.0016176,0.000163741,0.0129238,0.000166447,0.000144878,,,,,,
3,29,372,8156,0.0,0.0693223,0.0690506,0.0622729,0.0129673,0.00660142,0.0209063,0.0187102,0.0150071,0.001204,0.00415597,0.004889,0.000327704,0.000679549,0.000370476,0.000884094,0.000102292,0.00666593,9.0353e-05,7.2839e-05,,,,,,
3,30,174,3647,0.0,0.0316501,0.0315278,0.0283529,0.00606631,0.00306518,0.00939367,0.00839251,0.00678788,0.000549286,0.00183832,0.00219323,0.000135749,0.000304684,0.00016843,0.000320375,4.5174e-05,0.00312332,3.9578e-05,3.2147e-05,,,,,,
3,31,94,1677,0.0,0.0161055,0.0160523,0.014357,0.00329112,0.00164737,0.00465474,0.00398764,0.00314576,0.000259873,0.00078875,0.000983629,7.443e-05,0.000151746,8.5604e-05,0.000161197,2.5365e-05,0.0016671,1.5153e-05,1.3078e-05,,,,,,
3,32,38,945,0.0,0.00730357,0.00727908,0.00658649,0.00133786,0.000693828,0.00221429,0.00202374,0.00143763,0.000119704,0.000373917,0.000447023,6.4478e-05,0.000150914,8.0795e-05,0.000153203,1.946e-05,0.000681456,6.329e-06,6.941e-06,,,,,,
3,33,14,277,0.0,0.00254723,0.002542,0.00223953,0.000481261,0.000253315,0.000704128,0.000686784,0.000630188,5.0333e-05,0.000193426,0.000199581,0.0,0.0,0.0,0.0,0.0,0.000298454,1.004e-06,6.65e-07,,,,,,
3,34,2,47,0.0,0.000406881,0.000404647,0.000367693,6.9467e-05,3.6525e-05,0.000135282,0.000109357,0.000101265,8.071e-06,2.8308e-05,3.4619e-05,0.0,0.0,0.0,0.0,0.0,3.6267e-05,5.98e-07,6.18e-07,,,,,,
3,35,2,12,0.0,0.000295948,0.000294419,0.000257466,6.9627e-05,3.7358e-05,7.4875e-05,5.9117e-05,5.11e-05,4.964e-06,9.866e-06,1.2059e-05,0.0,0.0,0.0,0.0,0.0,3.6396e-05,6.4e-07,2.62e-07,,,,,,
3,36,2,7,0.0,0.000253249,0.000252835,0.000216558,6.3951e-05,3.3925e-05,5.4993e-05,4.8009e-05,4.0074e-05,4.512e-06,6.672e-06,6.454e-06,0.0,0.0,0.0,0.0,0.0,3.5655e-05,0.0,0.0,,,,,,
4,0,0,0,88.6458,0.0,0.0,0.0,0.0,0.0,0.0,0.0,0.0,0.0,0.0,0.0,0.0,0.0,0.0,0.0,0.0,0.0,0.0,0.0,,,,,,
4,1,1,1500000,0.0,1.72484,1.69583,1.69578,0.00477024,0.000219178,0.449203,1.24149,0.0,0.0,0.0,0.0,0.310466,0.315508,0.315234,0.614994,0.000211882,4.1234e-05,0.0183233,0.0106864,,,,,,
4,2,2,1500000,0.0,1.65184,1.62555,1.62547,0.00517379,0.000273849,0.416087,1.20382,0.0,0.0,0.0,0.0,0.267625,0.315293,0.314864,0.620162,0.000347233,7.1646e-05,0.0206185,0.00566646,,,,,,
4,3,4,1500000,0.0,1.83383,1.80724,1.8071,0.00419697,0.00033846,0.400856,1.40156,0.0,0.0,0.0,0.0,0.257138,0.315858,0.315293,0.827613,0.000499401,0.0001311,0.0195328,0.00704704,,,,,,
4,4,8,1500000,0.0,1.91088,1.87788,1.87765,0.00554222,0.000562121,0.584092,1.28717,0.0,0.0,0.0,0.0,0.260278,0.317036,0.316048,0.708709,0.000409935,0.00022105,0.0244673,0.00851011,,,,,,
4,5,16,1500000,0.0,2.15743,2.1213,2.12087,0.00678521,0.00095477,0.842388,1.27023,0.0,0.0,0.0,0.0,0.277311,0.319356,0.317443,0.669375,0.000761763,0.000412331,0.0255937,0.0104928,,,,,,
4,6,32,1500000,0.0,2.62847,2.58869,2.58785,0.00840257,0.00194116,1.28624,1.29029,0.0,0.0,0.0,0.0,0.259173,0.32187,0.318036,0.705174,0.00147601,0.000807563,0.0281359,0.0115801,,,,,,
4,7,64,1500000,0.0,2.85953,2.81213,2.81047,0.0105399,0.00359109,1.51725,1.27726,0.0,0.0,0.0,0.0,0.267566,0.327254,0.320135,0.673433,0.0027487,0.00159603,0.0342256,0.0130439,,,,,,
4,8,128,1500000,0.0,3.05183,3.00077,2.99749,0.0139992,0.00630855,1.71588,1.25835,0.0,0.0,0.0,0.0,0.252882,0.332261,0.319721,0.659618,0.00473905,0.00315396,0.0368745,0.0139472,,,,,,
4,9,256,1500000,0.0,3.17024,3.11733,3.11109,0.0195895,0.0105461,1.7972,1.27885,0.00186401,0.00010844,0.000782504,0.000732549,0.25153,0.342025,0.320231,0.660061,0.00806816,0.00602146,0.0374744,0.0150274,,,,,,
4,10,508,1499953,0.0,3.28911,3.23503,3.22336,0.0304341,0.0176213,1.85485,1.31229,0.00888081,0.000542386,0.00353552,0.00354022,0.250833,0.357789,0.320088,0.654816,0.0139189,0.0113069,0.0371735,0.0162284,,,,,,
4,11,1008,1499892,0.0,3.4846,3.431,3.40909,0.0511066,0.0298029,1.92693,1.38741,0.0557738,0.00341975,0.0223273,0.022183,0.248349,0.375453,0.315011,0.643369,0.0225127,0.0213203,0.0353613,0.0171549,,,,,,
4,12,1956,1499320,0.0,3.76651,3.71237,3.6715,0.0890405,0.0507881,1.99657,1.51159,0.189887,0.0118252,0.074657,0.0755485,0.238075,0.384984,0.300904,0.606749,0.0314917,0.0398952,0.0340893,0.0182659,,,,,,
4,13,3650,1496275,0.0,4.1876,4.13405,4.06017,0.15447,0.0849361,2.08138,1.69954,0.44899,0.0284577,0.172417,0.178851,0.216312,0.372164,0.271845,0.546084,0.0378622,0.0722732,0.0318718,0.0188283,,,,,,
4,14,6366,1484636,0.0,4.77229,4.71836,4.59237,0.256933,0.137507,2.19899,1.93475,0.84846,0.0546333,0.319258,0.336724,0.179364,0.325736,0.224989,0.45273,0.0381518,0.123414,0.0303285,0.0192245,,,,,,
4,15,10120,1453968,0.0,5.41779,5.36386,5.16647,0.396397,0.206964,2.31605,2.15028,1.29005,0.0848539,0.472485,0.509604,0.135367,0.253539,0.169632,0.342189,0.0317742,0.193477,0.0281918,0.0195723,,,,,,
4,16,14592,1393474,0.0,5.99553,5.94242,5.66149,0.559002,0.286684,2.4052,2.27584,1.61635,0.109176,0.571285,0.633017,0.0978275,0.18716,0.122419,0.247574,0.0244483,0.275544,0.0260043,0.0190881,,,,,,
4,17,18754,1291847,0.0,6.32277,6.27261,5.91663,0.705089,0.358339,2.40354,2.28149,1.78854,0.124131,0.608855,0.693463,0.0675633,0.131226,0.0842994,0.167952,0.0176445,0.349369,0.023053,0.0177285,,,,,,
4,18,22124,1150555,0.0,6.37215,6.32602,5.90896,0.819237,0.414277,2.30586,2.17542,1.80845,0.129058,0.592557,0.690431,0.0445199,0.0870741,0.0554818,0.111123,0.0117925,0.409531,0.0199956,0.0160028,,,,,,
4,19,23046,971469,0.0,5.94708,5.90801,5.47586,0.845167,0.425945,2.07274,1.93171,1.65761,0.120895,0.524083,0.624124,0.0287957,0.0569235,0.0360065,0.0716034,0.00765805,0.424502,0.0161078,0.0132574,,,,,,
4,20,21916,772044,0.0,5.17329,5.14249,4.73286,0.797967,0.400875,1.74156,1.60415,1.39708,0.104417,0.426307,0.516284,0.0189098,0.0371605,0.0234964,0.046167,0.00494366,0.402512,0.012004,0.0101764,,,,,,
4,21,19054,566587,0.0,4.15672,4.13355,3.77883,0.687338,0.345146,1.35107,1.23324,1.08928,0.0830253,0.322774,0.393952,0.0105212,0.0204746,0.0131649,0.0266391,0.00263338,0.348626,0.00870098,0.00744983,,,,,,
4,22,14856,398054,0.0,3.09077,3.07467,2.79918,0.533147,0.267527,0.984663,0.888231,0.784352,0.0607067,0.226568,0.27922,0.00690947,0.0135878,0.00866624,0.0170582,0.00177443,0.270777,0.00584287,0.00502555,,,,,,
4,23,10816,266241,0.0,2.17068,2.16005,1.9599,0.386296,0.194273,0.680034,0.608078,0.535261,0.0418498,0.151477,0.18773,0.0044971,0.00871366,0.00557587,0.0117601,0.00108542,0.196731,0.00373111,0.00325556,,,,,,
4,24,7348,163681,0.0,1.41628,1.40974,1.27374,0.261571,0.131301,0.434526,0.384909,0.337753,0.0268011,0.0933279,0.116263,0.00260581,0.00498121,0.00322442,0.00741862,0.000610596,0.133702,0.00219575,0.00194606,,,,,,
4,25,4626,96725,0.0,0.865481,0.86168,0.776413,0.163601,0.0823369,0.262432,0.229414,0.200351,0.0160796,0.0540563,0.0677892,0.00172937,0.00319529,0.00213878,0.00412907,0.000370567,0.0838435,0.0012461,0.00110965,,,,,,
4,26,2684,54885,0.0,0.495027,0.492798,0.443428,0.0946431,0.0474928,0.149152,0.12966,0.112269,0.00906813,0.0299333,0.0377661,0.00111781,0.0019601,0.00141003,0.00275064,0.000199114,0.0485436,0.00076221,0.000641862,,,,,,
4,27,1518,33193,0.0,0.285827,0.284664,0.256502,0.053659,0.0269178,0.0869397,0.0763305,0.0632303,0.00518763,0.0168296,0.0210778,0.00122912,0.00206191,0.0014038,0.00290742,0.000240148,0.0276896,0.000352547,0.000339674,,,,,,
4,28,866,14693,0.0,0.150923,0.150344,0.134455,0.030428,0.015328,0.0437322,0.037766,0.0325548,0.0026861,0.00838458,0.0105274,0.000243541,0.000499142,0.000287915,0.000712227,6.4703e-05,0.0156207,0.000170161,0.000153721,,,,,,
4,29,448,6820,0.0,0.0755614,0.0753105,0.0670866,0.0157465,0.00793199,0.0215788,0.0181303,0.0158755,0.00132847,0.00397674,0.00502944,6.0937e-05,0.000141234,7.5243e-05,0.000141133,1.6433e-05,0.0080886,6.4918e-05,6.3434e-05,,,,,,
4,30,188,2393,0.0,0.0301408,0.0300483,0.0265675,0.00650113,0.00330981,0.00826886,0.00694096,0.00616526,0.00052673,0.0015149,0.00183958,0.0,0.0,0.0,0.0,0.0,0.00342346,2.3363e-05,2.2786e-05,,,,,,
4,31,54,776,0.0,0.00889689,0.00886534,0.00788794,0.00187557,0.000942757,0.00252332,0.00209986,0.00187867,0.000157771,0.000468977,0.000587685,0.0,0.0,0.0,0.0,0.0,0.000960956,7.366e-06,9.769e-06,,,,,,
4,32,20,318,0.0,0.00342322,0.00341118,0.00305538,0.000692823,0.000355438,0.00099986,0.000840247,0.000758466,6.3249e-05,0.000196302,0.000244803,0.0,0.0,0.0,0.0,0.0,0.000349395,3.085e-06,3.047e-06,,,,,,
4,33,8,147,0.0,0.00148133,0.00147114,0.00133101,0.000288307,0.000138407,0.000445886,0.000391155,0.000358767,2.8947e-05,9.8749e-05,0.000116498,0.0,0.0,0.0,0.0,0.0,0.00013766,3.134e-06,3.703e-06,,,,,,
4,34,10,114,0.0,0.00151801,0.0015139,0.00134008,0.000335332,0.000167373,0.000391677,0.000364192,0.000324026,2.8001e-05,8.315e-05,8.7945e-05,0.0,0.0,0.0,0.0,0.0,0.000171092,7.33e-07,7.63e-07,,,,,,
4,35,4,17,0.0,0.00048543,0.000484299,0.000414825,0.000132963,6.2903e-05,0.000113666,7.3723e-05,5.7839e-05,5.131e-06,1.1163e-05,9.912e-06,0.0,0.0,0.0,0.0,0.0,6.8322e-05,0.0,0.0,,,,,,
