dataset,fold,arm,accuracy,error
task_10093_banknote-authentication,0,exact,1,
task_10093_banknote-authentication,0,hist_random,1,
task_10093_banknote-authentication,0,hist_eqw,1,
task_10093_banknote-authentication,4,exact,1,
task_10093_banknote-authentication,4,hist_random,1,
task_10093_banknote-authentication,4,hist_eqw,1,
task_10093_banknote-authentication,1,exact,1,
task_10093_banknote-authentication,1,hist_random,1,
task_10093_banknote-authentication,1,hist_eqw,1,
task_10093_banknote-authentication,3,exact,1,
task_10093_banknote-authentication,3,hist_random,1,
task_10093_banknote-authentication,3,hist_eqw,1,
task_10093_banknote-authentication,2,exact,1,
task_10093_banknote-authentication,2,hist_random,1,
task_10093_banknote-authentication,2,hist_eqw,1,
task_10093_banknote-authentication,5,exact,1,
task_10093_banknote-authentication,5,hist_random,1,
task_10093_banknote-authentication,5,hist_eqw,1,
task_10093_banknote-authentication,6,exact,1,
task_10093_banknote-authentication,6,hist_random,1,
task_10093_banknote-authentication,6,hist_eqw,1,
task_10093_banknote-authentication,9,exact,0.992701,
task_10093_banknote-authentication,9,hist_random,1,
task_10093_banknote-authentication,9,hist_eqw,0.992701,
task_10093_banknote-authentication,7,exact,1,
task_10093_banknote-authentication,7,hist_random,1,
task_10093_banknote-authentication,7,hist_eqw,1,
task_10093_banknote-authentication,8,exact,1,
task_10093_banknote-authentication,8,hist_random,1,
task_10093_banknote-authentication,8,hist_eqw,1,
task_10101_blood-transfusion-service-center,3,exact,0.786667,
task_10101_blood-transfusion-service-center,3,hist_random,0.786667,
task_10101_blood-transfusion-service-center,3,hist_eqw,0.786667,
task_10101_blood-transfusion-service-center,0,exact,0.76,
task_10101_blood-transfusion-service-center,0,hist_random,0.76,
task_10101_blood-transfusion-service-center,0,hist_eqw,0.773333,
task_10101_blood-transfusion-service-center,1,exact,0.76,
task_10101_blood-transfusion-service-center,1,hist_random,0.746667,
task_10101_blood-transfusion-service-center,1,hist_eqw,0.773333,
task_10101_blood-transfusion-service-center,4,exact,0.813333,
task_10101_blood-transfusion-service-center,4,hist_random,0.773333,
task_10101_blood-transfusion-service-center,4,hist_eqw,0.8,
task_10101_blood-transfusion-service-center,2,exact,0.72,
task_10101_blood-transfusion-service-center,2,hist_random,0.72,
task_10101_blood-transfusion-service-center,2,hist_eqw,0.72,
task_10101_blood-transfusion-service-center,8,exact,0.797297,
task_10101_blood-transfusion-service-center,8,hist_random,0.783784,
task_10101_blood-transfusion-service-center,8,hist_eqw,0.797297,
task_10101_blood-transfusion-service-center,6,exact,0.76,
task_10101_blood-transfusion-service-center,6,hist_random,0.8,
task_10101_blood-transfusion-service-center,6,hist_eqw,0.773333,
task_10101_blood-transfusion-service-center,7,exact,0.773333,
task_10101_blood-transfusion-service-center,7,hist_random,0.786667,
task_10101_blood-transfusion-service-center,7,hist_eqw,0.773333,
task_10101_blood-transfusion-service-center,9,exact,0.743243,
task_10101_blood-transfusion-service-center,9,hist_random,0.783784,
task_10101_blood-transfusion-service-center,9,hist_eqw,0.743243,
task_10101_blood-transfusion-service-center,5,exact,0.746667,
task_10101_blood-transfusion-service-center,5,hist_random,0.786667,
task_10101_blood-transfusion-service-center,5,hist_eqw,0.773333,
task_125920_dresses-sales,0,exact,0.64,
task_125920_dresses-sales,0,hist_random,0.62,
task_125920_dresses-sales,0,hist_eqw,0.66,
task_125920_dresses-sales,1,exact,0.64,
task_125920_dresses-sales,1,hist_random,0.66,
task_125920_dresses-sales,1,hist_eqw,0.64,
task_125920_dresses-sales,2,exact,0.58,
task_125920_dresses-sales,2,hist_random,0.64,
task_125920_dresses-sales,2,hist_eqw,0.6,
task_125920_dresses-sales,3,exact,0.58,
task_125920_dresses-sales,3,hist_random,0.52,
task_125920_dresses-sales,3,hist_eqw,0.56,
task_125920_dresses-sales,4,exact,0.64,
task_125920_dresses-sales,4,hist_random,0.62,
task_125920_dresses-sales,4,hist_eqw,0.56,
task_125920_dresses-sales,5,exact,0.6,
task_125920_dresses-sales,5,hist_random,0.6,
task_125920_dresses-sales,5,hist_eqw,0.6,
task_125920_dresses-sales,7,exact,0.66,
task_125920_dresses-sales,7,hist_random,0.62,
task_125920_dresses-sales,7,hist_eqw,0.68,
task_125920_dresses-sales,6,exact,0.6,
task_125920_dresses-sales,6,hist_random,0.64,
task_125920_dresses-sales,6,hist_eqw,0.6,
task_125920_dresses-sales,9,exact,0.6,
task_125920_dresses-sales,9,hist_random,0.58,
task_125920_dresses-sales,9,hist_eqw,0.6,
task_125920_dresses-sales,8,exact,0.6,
task_125920_dresses-sales,8,hist_random,0.52,
task_125920_dresses-sales,8,hist_eqw,0.6,
task_146819_climate-model-simulation-crashes,0,exact,0.925926,
task_146819_climate-model-simulation-crashes,0,hist_random,0.925926,
task_146819_climate-model-simulation-crashes,0,hist_eqw,0.925926,
task_146819_climate-model-simulation-crashes,1,exact,0.944444,
task_146819_climate-model-simulation-crashes,1,hist_random,0.925926,
task_146819_climate-model-simulation-crashes,1,hist_eqw,0.944444,
task_146819_climate-model-simulation-crashes,2,exact,0.925926,
task_146819_climate-model-simulation-crashes,2,hist_random,0.925926,
task_146819_climate-model-simulation-crashes,2,hist_eqw,0.925926,
task_146819_climate-model-simulation-crashes,3,exact,0.925926,
task_146819_climate-model-simulation-crashes,3,hist_random,0.925926,
task_146819_climate-model-simulation-crashes,3,hist_eqw,0.925926,
task_146819_climate-model-simulation-crashes,4,exact,0.907407,
task_146819_climate-model-simulation-crashes,4,hist_random,0.907407,
task_146819_climate-model-simulation-crashes,4,hist_eqw,0.907407,
task_146819_climate-model-simulation-crashes,5,exact,0.907407,
task_146819_climate-model-simulation-crashes,5,hist_random,0.907407,
task_146819_climate-model-simulation-crashes,5,hist_eqw,0.907407,
task_146819_climate-model-simulation-crashes,6,exact,0.907407,
task_146819_climate-model-simulation-crashes,6,hist_random,0.907407,
task_146819_climate-model-simulation-crashes,6,hist_eqw,0.907407,
task_146819_climate-model-simulation-crashes,7,exact,0.907407,
task_146819_climate-model-simulation-crashes,7,hist_random,0.907407,
task_146819_climate-model-simulation-crashes,7,hist_eqw,0.925926,
task_146819_climate-model-simulation-crashes,8,exact,0.907407,
task_146819_climate-model-simulation-crashes,8,hist_random,0.907407,
task_146819_climate-model-simulation-crashes,8,hist_eqw,0.907407,
task_146819_climate-model-simulation-crashes,9,exact,0.925926,
task_146819_climate-model-simulation-crashes,9,hist_random,0.907407,
task_146819_climate-model-simulation-crashes,9,hist_eqw,0.925926,
task_146820_wilt,2,exact,0.989669,
task_146820_wilt,2,hist_random,0.96281,
task_146820_wilt,2,hist_eqw,0.989669,
task_146820_wilt,0,exact,0.981405,
task_146820_wilt,0,hist_random,0.956612,
task_146820_wilt,0,hist_eqw,0.979339,
task_146820_wilt,4,exact,0.983471,
task_146820_wilt,4,hist_random,0.971074,
task_146820_wilt,4,hist_eqw,0.985537,
task_146820_wilt,3,exact,0.987603,
task_146820_wilt,3,hist_random,0.971074,
task_146820_wilt,3,hist_eqw,0.987603,
task_146820_wilt,1,exact,0.983471,
task_146820_wilt,1,hist_random,0.964876,
task_146820_wilt,1,hist_eqw,0.985537,
task_146820_wilt,6,exact,0.981405,
task_146820_wilt,6,hist_random,0.969008,
task_146820_wilt,6,hist_eqw,0.975207,
task_146820_wilt,7,exact,0.981405,
task_146820_wilt,7,hist_random,0.969008,
task_146820_wilt,7,hist_eqw,0.981405,
task_146820_wilt,5,exact,0.987603,
task_146820_wilt,5,hist_random,0.975207,
task_146820_wilt,5,hist_eqw,0.985537,
task_146820_wilt,8,exact,0.987603,
task_146820_wilt,8,hist_random,0.971074,
task_146820_wilt,8,hist_eqw,0.985537,
task_146820_wilt,9,exact,0.987578,
task_146820_wilt,9,hist_random,0.964803,
task_146820_wilt,9,hist_eqw,0.989648,
task_14952_PhishingWebsites,0,exact,0.954792,
task_14952_PhishingWebsites,0,hist_random,0.952984,
task_14952_PhishingWebsites,0,hist_eqw,0.954792,
task_14952_PhishingWebsites,1,exact,0.963834,
task_14952_PhishingWebsites,1,hist_random,0.954792,
task_14952_PhishingWebsites,1,hist_eqw,0.958409,
task_14952_PhishingWebsites,2,exact,0.965642,
task_14952_PhishingWebsites,2,hist_random,0.953888,
task_14952_PhishingWebsites,2,hist_eqw,0.965642,
task_14952_PhishingWebsites,4,exact,0.954792,
task_14952_PhishingWebsites,4,hist_random,0.949367,
task_14952_PhishingWebsites,4,hist_eqw,0.955696,
task_14952_PhishingWebsites,3,exact,0.962025,
task_14952_PhishingWebsites,3,hist_random,0.961121,
task_14952_PhishingWebsites,3,hist_eqw,0.962929,
task_14952_PhishingWebsites,6,exact,0.965611,
task_14952_PhishingWebsites,6,hist_random,0.961991,
task_14952_PhishingWebsites,6,hist_eqw,0.965611,
task_14952_PhishingWebsites,5,exact,0.962896,
task_14952_PhishingWebsites,5,hist_random,0.951131,
task_14952_PhishingWebsites,5,hist_eqw,0.963801,
task_14952_PhishingWebsites,8,exact,0.960181,
task_14952_PhishingWebsites,8,hist_random,0.956561,
task_14952_PhishingWebsites,8,hist_eqw,0.960181,
task_14954_cylinder-bands,0,exact,0.796296,
task_14954_cylinder-bands,0,hist_random,0.833333,
task_14954_cylinder-bands,0,hist_eqw,0.796296,
task_14954_cylinder-bands,1,exact,0.759259,
task_14954_cylinder-bands,1,hist_random,0.722222,
task_14954_cylinder-bands,1,hist_eqw,0.759259,
task_14952_PhishingWebsites,7,exact,0.966516,
task_14952_PhishingWebsites,7,hist_random,0.952036,
task_14952_PhishingWebsites,7,hist_eqw,0.962896,
task_14954_cylinder-bands,2,exact,0.814815,
task_14954_cylinder-bands,2,hist_random,0.759259,
task_14954_cylinder-bands,2,hist_eqw,0.814815,
task_14954_cylinder-bands,3,exact,0.740741,
task_14954_cylinder-bands,3,hist_random,0.759259,
task_14954_cylinder-bands,3,hist_eqw,0.722222,
task_14954_cylinder-bands,4,exact,0.759259,
task_14954_cylinder-bands,4,hist_random,0.685185,
task_14954_cylinder-bands,4,hist_eqw,0.777778,
task_14952_PhishingWebsites,9,exact,0.963801,
task_14952_PhishingWebsites,9,hist_random,0.956561,
task_14952_PhishingWebsites,9,hist_eqw,0.961991,
task_14954_cylinder-bands,5,exact,0.814815,
task_14954_cylinder-bands,5,hist_random,0.685185,
task_14954_cylinder-bands,5,hist_eqw,0.796296,
task_14954_cylinder-bands,6,exact,0.851852,
task_14954_cylinder-bands,6,hist_random,0.814815,
task_14954_cylinder-bands,6,hist_eqw,0.851852,
task_14954_cylinder-bands,7,exact,0.722222,
task_14954_cylinder-bands,7,hist_random,0.777778,
task_14954_cylinder-bands,7,hist_eqw,0.759259,
task_14954_cylinder-bands,8,exact,0.759259,
task_14954_cylinder-bands,8,hist_random,0.833333,
task_14954_cylinder-bands,8,hist_eqw,0.759259,
task_14954_cylinder-bands,9,exact,0.796296,
task_14954_cylinder-bands,9,hist_random,0.740741,
task_14954_cylinder-bands,9,hist_eqw,0.814815,
task_14965_bank-marketing,0,exact,0.905794,
task_14965_bank-marketing,0,hist_random,0.901813,
task_14965_bank-marketing,0,hist_eqw,0.906015,
task_14965_bank-marketing,2,exact,0.911966,
task_14965_bank-marketing,2,hist_random,0.908427,
task_14965_bank-marketing,2,hist_eqw,0.913957,
task_14965_bank-marketing,3,exact,0.905994,
task_14965_bank-marketing,3,hist_random,0.909312,
task_14965_bank-marketing,3,hist_eqw,0.908649,
task_14965_bank-marketing,1,exact,0.904888,
task_14965_bank-marketing,1,hist_random,0.902455,
task_14965_bank-marketing,1,hist_eqw,0.904888,
task_14965_bank-marketing,4,exact,0.905109,
task_14965_bank-marketing,4,hist_random,0.902234,
task_14965_bank-marketing,4,hist_eqw,0.905331,
task_14965_bank-marketing,6,exact,0.899137,
task_14965_bank-marketing,6,hist_random,0.898916,
task_14965_bank-marketing,6,hist_eqw,0.900907,
task_14965_bank-marketing,7,exact,0.904667,
task_14965_bank-marketing,7,hist_random,0.903561,
task_14965_bank-marketing,7,hist_eqw,0.902898,
task_15_breast-w,0,exact,0.971429,
task_15_breast-w,0,hist_random,0.985714,
task_15_breast-w,0,hist_eqw,0.971429,
task_15_breast-w,1,exact,0.957143,
task_15_breast-w,1,hist_random,0.971429,
task_15_breast-w,1,hist_eqw,0.957143,
task_15_breast-w,2,exact,1,
task_15_breast-w,2,hist_random,1,
task_15_breast-w,2,hist_eqw,1,
task_15_breast-w,3,exact,0.971429,
task_15_breast-w,3,hist_random,0.957143,
task_15_breast-w,3,hist_eqw,0.985714,
task_15_breast-w,4,exact,1,
task_15_breast-w,4,hist_random,0.985714,
task_15_breast-w,4,hist_eqw,1,
task_15_breast-w,5,exact,0.971429,
task_15_breast-w,5,hist_random,0.971429,
task_15_breast-w,5,hist_eqw,0.971429,
task_15_breast-w,6,exact,0.971429,
task_15_breast-w,6,hist_random,0.971429,
task_15_breast-w,6,hist_eqw,0.971429,
task_15_breast-w,7,exact,0.928571,
task_15_breast-w,7,hist_random,0.928571,
task_15_breast-w,7,hist_eqw,0.928571,
task_14965_bank-marketing,8,exact,0.90887,
task_14965_bank-marketing,8,hist_random,0.903561,
task_14965_bank-marketing,8,hist_eqw,0.909091,
task_15_breast-w,8,exact,0.971429,
task_15_breast-w,8,hist_random,0.971429,
task_15_breast-w,8,hist_eqw,0.971429,
task_15_breast-w,9,exact,0.971014,
task_15_breast-w,9,hist_random,0.971014,
task_15_breast-w,9,hist_eqw,0.971014,
task_14965_bank-marketing,5,exact,0.903119,
task_14965_bank-marketing,5,hist_random,0.900243,
task_14965_bank-marketing,5,hist_eqw,0.904667,
task_14965_bank-marketing,9,exact,0.909754,
task_14965_bank-marketing,9,hist_random,0.906879,
task_14965_bank-marketing,9,hist_eqw,0.909091,
task_167120_numerai28.6,0,exact,0.514846,
task_167120_numerai28.6,0,hist_random,0.513704,
task_167120_numerai28.6,0,hist_eqw,0.512874,
task_167120_numerai28.6,1,exact,0.522841,
task_167120_numerai28.6,1,hist_random,0.523983,
task_167120_numerai28.6,1,hist_eqw,0.525955,
task_167120_numerai28.6,3,exact,0.514223,
task_167120_numerai28.6,3,hist_random,0.517027,
task_167120_numerai28.6,3,hist_eqw,0.518999,
task_167120_numerai28.6,2,exact,0.521802,
task_167120_numerai28.6,2,hist_random,0.515262,
task_167120_numerai28.6,2,hist_eqw,0.517961,
task_167120_numerai28.6,4,exact,0.525851,
task_167120_numerai28.6,4,hist_random,0.515885,
task_167120_numerai28.6,4,hist_eqw,0.525021,
task_167120_numerai28.6,5,exact,0.522633,
task_167120_numerai28.6,5,hist_random,0.514846,
task_167120_numerai28.6,5,hist_eqw,0.520349,
task_167120_numerai28.6,7,exact,0.518376,
task_167120_numerai28.6,7,hist_random,0.516404,
task_167120_numerai28.6,7,hist_eqw,0.519103,
task_167120_numerai28.6,6,exact,0.522841,
task_167120_numerai28.6,6,hist_random,0.522737,
task_167120_numerai28.6,6,hist_eqw,0.525021,
task_167125_Internet-Advertisements,0,exact,0.960366,
task_167125_Internet-Advertisements,0,hist_random,0.960366,
task_167125_Internet-Advertisements,0,hist_eqw,0.960366,
task_167120_numerai28.6,8,exact,0.521179,
task_167120_numerai28.6,8,hist_random,0.522944,
task_167120_numerai28.6,8,hist_eqw,0.526163,
task_167125_Internet-Advertisements,1,exact,0.972561,
task_167125_Internet-Advertisements,1,hist_random,0.972561,
task_167125_Internet-Advertisements,1,hist_eqw,0.969512,
task_167125_Internet-Advertisements,2,exact,0.954268,
task_167125_Internet-Advertisements,2,hist_random,0.957317,
task_167125_Internet-Advertisements,2,hist_eqw,0.960366,
task_167120_numerai28.6,9,exact,0.516507,
task_167120_numerai28.6,9,hist_random,0.516092,
task_167120_numerai28.6,9,hist_eqw,0.521906,
task_167125_Internet-Advertisements,3,exact,0.984756,
task_167125_Internet-Advertisements,3,hist_random,0.981707,
task_167125_Internet-Advertisements,3,hist_eqw,0.984756,
task_167125_Internet-Advertisements,6,exact,0.963415,
task_167125_Internet-Advertisements,6,hist_random,0.960366,
task_167125_Internet-Advertisements,6,hist_eqw,0.963415,
task_167125_Internet-Advertisements,4,exact,0.972561,
task_167125_Internet-Advertisements,4,hist_random,0.97561,
task_167125_Internet-Advertisements,4,hist_eqw,0.978659,
task_167125_Internet-Advertisements,5,exact,0.984756,
task_167125_Internet-Advertisements,5,hist_random,0.984756,
task_167125_Internet-Advertisements,5,hist_eqw,0.984756,
task_167125_Internet-Advertisements,7,exact,0.960366,
task_167125_Internet-Advertisements,7,hist_random,0.957317,
task_167125_Internet-Advertisements,7,hist_eqw,0.957317,
task_167141_churn,0,exact,0.944,
task_167141_churn,0,hist_random,0.896,
task_167141_churn,0,hist_eqw,0.944,
task_167141_churn,1,exact,0.952,
task_167141_churn,1,hist_random,0.906,
task_167141_churn,1,hist_eqw,0.942,
task_167125_Internet-Advertisements,8,exact,0.97561,
task_167125_Internet-Advertisements,8,hist_random,0.969512,
task_167125_Internet-Advertisements,8,hist_eqw,0.97561,
task_167141_churn,2,exact,0.964,
task_167141_churn,2,hist_random,0.914,
task_167141_churn,2,hist_eqw,0.962,
task_167125_Internet-Advertisements,9,exact,0.954128,
task_167125_Internet-Advertisements,9,hist_random,0.966361,
task_167125_Internet-Advertisements,9,hist_eqw,0.960245,
task_167141_churn,3,exact,0.94,
task_167141_churn,3,hist_random,0.904,
task_167141_churn,3,hist_eqw,0.938,
task_167141_churn,4,exact,0.948,
task_167141_churn,4,hist_random,0.904,
task_167141_churn,4,hist_eqw,0.94,
task_167141_churn,5,exact,0.954,
task_167141_churn,5,hist_random,0.89,
task_167141_churn,5,hist_eqw,0.954,
task_167141_churn,6,exact,0.95,
task_167141_churn,6,hist_random,0.898,
task_167141_churn,6,hist_eqw,0.944,
task_167141_churn,7,exact,0.96,
task_167141_churn,7,hist_random,0.906,
task_167141_churn,7,hist_eqw,0.966,
task_167141_churn,8,exact,0.952,
task_167141_churn,8,hist_random,0.902,
task_167141_churn,8,hist_eqw,0.946,
task_167141_churn,9,exact,0.946,
task_167141_churn,9,hist_random,0.898,
task_167141_churn,9,hist_eqw,0.946,
task_219_electricity,1,exact,0.862533,
task_219_electricity,1,hist_random,0.812886,
task_219_electricity,1,hist_eqw,0.856134,
task_219_electricity,0,exact,0.870477,
task_219_electricity,0,hist_random,0.816637,
task_219_electricity,0,hist_eqw,0.865402,
task_219_electricity,3,exact,0.862723,
task_219_electricity,3,hist_random,0.813728,
task_219_electricity,3,hist_eqw,0.857427,
task_219_electricity,2,exact,0.868682,
task_219_electricity,2,hist_random,0.81439,
task_219_electricity,2,hist_eqw,0.860958,
task_219_electricity,4,exact,0.868903,
task_219_electricity,4,hist_random,0.815493,
task_219_electricity,4,hist_eqw,0.863606,
task_219_electricity,6,exact,0.869786,
task_219_electricity,6,hist_random,0.826528,
task_219_electricity,6,hist_eqw,0.869786,
task_219_electricity,5,exact,0.870448,
task_219_electricity,5,hist_random,0.813066,
task_219_electricity,5,hist_eqw,0.862944,
task_29_credit-approval,0,exact,0.869565,
task_29_credit-approval,0,hist_random,0.898551,
task_29_credit-approval,0,hist_eqw,0.898551,
task_29_credit-approval,1,exact,0.855072,
task_29_credit-approval,1,hist_random,0.884058,
task_29_credit-approval,1,hist_eqw,0.855072,
task_29_credit-approval,3,exact,0.811594,
task_29_credit-approval,3,hist_random,0.811594,
task_29_credit-approval,3,hist_eqw,0.797101,
task_29_credit-approval,2,exact,0.826087,
task_29_credit-approval,2,hist_random,0.811594,
task_29_credit-approval,2,hist_eqw,0.84058,
task_29_credit-approval,4,exact,0.927536,
task_29_credit-approval,4,hist_random,0.884058,
task_29_credit-approval,4,hist_eqw,0.913043,
task_29_credit-approval,5,exact,0.913043,
task_29_credit-approval,5,hist_random,0.927536,
task_29_credit-approval,5,hist_eqw,0.913043,
task_29_credit-approval,6,exact,0.855072,
task_29_credit-approval,6,hist_random,0.826087,
task_29_credit-approval,6,hist_eqw,0.869565,
task_219_electricity,9,exact,0.870889,
task_219_electricity,9,hist_random,0.822335,
task_219_electricity,9,hist_eqw,0.864489,
task_219_electricity,7,exact,0.877952,
task_219_electricity,7,hist_random,0.821232,
task_219_electricity,7,hist_eqw,0.869124,
task_29_credit-approval,7,exact,0.826087,
task_29_credit-approval,7,hist_random,0.826087,
task_29_credit-approval,7,hist_eqw,0.826087,
task_29_credit-approval,8,exact,0.913043,
task_29_credit-approval,8,hist_random,0.898551,
task_29_credit-approval,8,hist_eqw,0.913043,
task_29_credit-approval,9,exact,0.913043,
task_29_credit-approval,9,hist_random,0.898551,
task_29_credit-approval,9,hist_eqw,0.913043,
task_219_electricity,8,exact,0.86471,
task_219_electricity,8,hist_random,0.815935,
task_219_electricity,8,hist_eqw,0.867137,
task_31_credit-g,0,exact,0.78,
task_31_credit-g,0,hist_random,0.79,
task_31_credit-g,0,hist_eqw,0.75,
task_31_credit-g,1,exact,0.75,
task_31_credit-g,1,hist_random,0.76,
task_31_credit-g,1,hist_eqw,0.74,
task_31_credit-g,2,exact,0.7,
task_31_credit-g,2,hist_random,0.73,
task_31_credit-g,2,hist_eqw,0.72,
task_31_credit-g,3,exact,0.82,
task_31_credit-g,3,hist_random,0.81,
task_31_credit-g,3,hist_eqw,0.78,
task_31_credit-g,4,exact,0.7,
task_31_credit-g,4,hist_random,0.72,
task_31_credit-g,4,hist_eqw,0.72,
task_31_credit-g,6,exact,0.79,
task_31_credit-g,6,hist_random,0.75,
task_31_credit-g,6,hist_eqw,0.74,
task_31_credit-g,5,exact,0.75,
task_31_credit-g,5,hist_random,0.76,
task_31_credit-g,5,hist_eqw,0.79,
task_37_diabetes,0,exact,0.844156,
task_37_diabetes,0,hist_random,0.805195,
task_37_diabetes,0,hist_eqw,0.831169,
task_37_diabetes,1,exact,0.688312,
task_37_diabetes,1,hist_random,0.701299,
task_37_diabetes,1,hist_eqw,0.714286,
task_37_diabetes,2,exact,0.766234,
task_37_diabetes,2,hist_random,0.688312,
task_37_diabetes,2,hist_eqw,0.753247,
task_31_credit-g,7,exact,0.76,
task_31_credit-g,7,hist_random,0.77,
task_31_credit-g,7,hist_eqw,0.73,
task_31_credit-g,8,exact,0.71,
task_31_credit-g,8,hist_random,0.74,
task_31_credit-g,8,hist_eqw,0.76,
task_31_credit-g,9,exact,0.75,
task_31_credit-g,9,hist_random,0.75,
task_31_credit-g,9,hist_eqw,0.75,
task_37_diabetes,3,exact,0.74026,
task_37_diabetes,3,hist_random,0.74026,
task_37_diabetes,3,hist_eqw,0.74026,
task_37_diabetes,5,exact,0.831169,
task_37_diabetes,5,hist_random,0.831169,
task_37_diabetes,5,hist_eqw,0.818182,
task_37_diabetes,4,exact,0.688312,
task_37_diabetes,4,hist_random,0.805195,
task_37_diabetes,4,hist_eqw,0.727273,
task_37_diabetes,7,exact,0.792208,
task_37_diabetes,7,hist_random,0.779221,
task_37_diabetes,7,hist_eqw,0.818182,
task_37_diabetes,6,exact,0.766234,
task_37_diabetes,6,hist_random,0.753247,
task_37_diabetes,6,hist_eqw,0.792208,
task_37_diabetes,8,exact,0.776316,
task_37_diabetes,8,hist_random,0.776316,
task_37_diabetes,8,hist_eqw,0.75,
task_37_diabetes,9,exact,0.723684,
task_37_diabetes,9,hist_random,0.776316,
task_37_diabetes,9,hist_eqw,0.736842,
task_3902_pc4,1,exact,0.876712,
task_3902_pc4,1,hist_random,0.876712,
task_3902_pc4,1,hist_eqw,0.876712,
task_3902_pc4,0,exact,0.910959,
task_3902_pc4,0,hist_random,0.890411,
task_3902_pc4,0,hist_eqw,0.910959,
task_3902_pc4,3,exact,0.883562,
task_3902_pc4,3,hist_random,0.869863,
task_3902_pc4,3,hist_eqw,0.890411,
task_3902_pc4,2,exact,0.89726,
task_3902_pc4,2,hist_random,0.876712,
task_3902_pc4,2,hist_eqw,0.890411,
task_3902_pc4,4,exact,0.90411,
task_3902_pc4,4,hist_random,0.883562,
task_3902_pc4,4,hist_eqw,0.924658,
task_3902_pc4,6,exact,0.90411,
task_3902_pc4,6,hist_random,0.890411,
task_3902_pc4,6,hist_eqw,0.90411,
task_3902_pc4,5,exact,0.89726,
task_3902_pc4,5,hist_random,0.883562,
task_3902_pc4,5,hist_eqw,0.910959,
task_3902_pc4,7,exact,0.89726,
task_3902_pc4,7,hist_random,0.883562,
task_3902_pc4,7,hist_eqw,0.90411,
task_3902_pc4,9,exact,0.924138,
task_3902_pc4,9,hist_random,0.889655,
task_3902_pc4,9,hist_eqw,0.917241,
task_3902_pc4,8,exact,0.910345,
task_3902_pc4,8,hist_random,0.882759,
task_3902_pc4,8,hist_eqw,0.917241,
task_3903_pc3,1,exact,0.910828,
task_3903_pc3,1,hist_random,0.898089,
task_3903_pc3,1,hist_eqw,0.910828,
task_3903_pc3,2,exact,0.910828,
task_3903_pc3,2,hist_random,0.898089,
task_3903_pc3,2,hist_eqw,0.910828,
task_3903_pc3,0,exact,0.88535,
task_3903_pc3,0,hist_random,0.904459,
task_3903_pc3,0,hist_eqw,0.89172,
task_3903_pc3,3,exact,0.903846,
task_3903_pc3,3,hist_random,0.897436,
task_3903_pc3,3,hist_eqw,0.916667,
task_3903_pc3,4,exact,0.903846,
task_3903_pc3,4,hist_random,0.897436,
task_3903_pc3,4,hist_eqw,0.903846,
task_3903_pc3,5,exact,0.884615,
task_3903_pc3,5,hist_random,0.897436,
task_3903_pc3,5,hist_eqw,0.891026,
task_3903_pc3,6,exact,0.910256,
task_3903_pc3,6,hist_random,0.897436,
task_3903_pc3,6,hist_eqw,0.903846,
task_3903_pc3,7,exact,0.891026,
task_3903_pc3,7,hist_random,0.897436,
task_3903_pc3,7,hist_eqw,0.891026,
task_3903_pc3,8,exact,0.897436,
task_3903_pc3,8,hist_random,0.897436,
task_3903_pc3,8,hist_eqw,0.903846,
task_3903_pc3,9,exact,0.891026,
task_3903_pc3,9,hist_random,0.897436,
task_3903_pc3,9,hist_eqw,0.884615,
task_3904_jm1,0,exact,0.822773,
task_3904_jm1,0,hist_random,0.818182,
task_3904_jm1,0,hist_eqw,0.820018,
task_3904_jm1,1,exact,0.818182,
task_3904_jm1,1,hist_random,0.816345,
task_3904_jm1,1,hist_eqw,0.820018,
task_3904_jm1,2,exact,0.826446,
task_3904_jm1,2,hist_random,0.822773,
task_3904_jm1,2,hist_eqw,0.826446,
task_3904_jm1,3,exact,0.817264,
task_3904_jm1,3,hist_random,0.815427,
task_3904_jm1,3,hist_eqw,0.814509,
task_3904_jm1,4,exact,0.811754,
task_3904_jm1,4,hist_random,0.809917,
task_3904_jm1,4,hist_eqw,0.815427,
task_3904_jm1,5,exact,0.817096,
task_3904_jm1,5,hist_random,0.810662,
task_3904_jm1,5,hist_eqw,0.818934,
task_3913_kc2,0,exact,0.792453,
task_3913_kc2,0,hist_random,0.773585,
task_3913_kc2,0,hist_eqw,0.773585,
task_3904_jm1,6,exact,0.821691,
task_3904_jm1,6,hist_random,0.8125,
task_3904_jm1,6,hist_eqw,0.818934,
task_3904_jm1,7,exact,0.814338,
task_3904_jm1,7,hist_random,0.814338,
task_3904_jm1,7,hist_eqw,0.816176,
task_3913_kc2,1,exact,0.90566,
task_3913_kc2,1,hist_random,0.849057,
task_3913_kc2,1,hist_eqw,0.90566,
task_3913_kc2,2,exact,0.807692,
task_3913_kc2,2,hist_random,0.865385,
task_3913_kc2,2,hist_eqw,0.807692,
task_3913_kc2,3,exact,0.846154,
task_3913_kc2,3,hist_random,0.826923,
task_3913_kc2,3,hist_eqw,0.826923,
task_3904_jm1,8,exact,0.821691,
task_3904_jm1,8,hist_random,0.816176,
task_3904_jm1,8,hist_eqw,0.820772,
task_3913_kc2,4,exact,0.942308,
task_3913_kc2,4,hist_random,0.884615,
task_3913_kc2,4,hist_eqw,0.942308,
task_3913_kc2,5,exact,0.826923,
task_3913_kc2,5,hist_random,0.846154,
task_3913_kc2,5,hist_eqw,0.865385,
task_3913_kc2,6,exact,0.846154,
task_3913_kc2,6,hist_random,0.846154,
task_3913_kc2,6,hist_eqw,0.826923,
task_3913_kc2,7,exact,0.769231,
task_3913_kc2,7,hist_random,0.788462,
task_3913_kc2,7,hist_eqw,0.769231,
task_3913_kc2,8,exact,0.826923,
task_3913_kc2,8,hist_random,0.788462,
task_3913_kc2,8,hist_eqw,0.846154,
task_3913_kc2,9,exact,0.846154,
task_3913_kc2,9,hist_random,0.846154,
task_3913_kc2,9,hist_eqw,0.826923,
task_3917_kc1,0,exact,0.872038,
task_3917_kc1,0,hist_random,0.876777,
task_3917_kc1,0,hist_eqw,0.85782,
task_3917_kc1,1,exact,0.872038,
task_3917_kc1,1,hist_random,0.85782,
task_3917_kc1,1,hist_eqw,0.867299,
task_3917_kc1,3,exact,0.848341,
task_3917_kc1,3,hist_random,0.85782,
task_3917_kc1,3,hist_eqw,0.848341,
task_3904_jm1,9,exact,0.811581,
task_3904_jm1,9,hist_random,0.813419,
task_3904_jm1,9,hist_eqw,0.810662,
task_3917_kc1,2,exact,0.848341,
task_3917_kc1,2,hist_random,0.834123,
task_3917_kc1,2,hist_eqw,0.838863,
task_3917_kc1,6,exact,0.872038,
task_3917_kc1,6,hist_random,0.862559,
task_3917_kc1,6,hist_eqw,0.876777,
task_3917_kc1,4,exact,0.867299,
task_3917_kc1,4,hist_random,0.85782,
task_3917_kc1,4,hist_eqw,0.848341,
task_3917_kc1,5,exact,0.85782,
task_3917_kc1,5,hist_random,0.834123,
task_3917_kc1,5,hist_eqw,0.848341,
task_3917_kc1,7,exact,0.853081,
task_3917_kc1,7,hist_random,0.848341,
task_3917_kc1,7,hist_eqw,0.853081,
task_3917_kc1,8,exact,0.881517,
task_3917_kc1,8,hist_random,0.872038,
task_3917_kc1,8,hist_eqw,0.881517,
task_3918_pc1,0,exact,0.945946,
task_3918_pc1,0,hist_random,0.945946,
task_3918_pc1,0,hist_eqw,0.945946,
task_3918_pc1,2,exact,0.927928,
task_3918_pc1,2,hist_random,0.936937,
task_3918_pc1,2,hist_eqw,0.936937,
task_3918_pc1,1,exact,0.90991,
task_3918_pc1,1,hist_random,0.945946,
task_3918_pc1,1,hist_eqw,0.90991,
task_3917_kc1,9,exact,0.871429,
task_3917_kc1,9,hist_random,0.847619,
task_3917_kc1,9,hist_eqw,0.857143,
task_3918_pc1,3,exact,0.945946,
task_3918_pc1,3,hist_random,0.936937,
task_3918_pc1,3,hist_eqw,0.936937,
task_3918_pc1,4,exact,0.936937,
task_3918_pc1,4,hist_random,0.945946,
task_3918_pc1,4,hist_eqw,0.936937,
task_3918_pc1,5,exact,0.954955,
task_3918_pc1,5,hist_random,0.945946,
task_3918_pc1,5,hist_eqw,0.954955,
task_3918_pc1,6,exact,0.927928,
task_3918_pc1,6,hist_random,0.918919,
task_3918_pc1,6,hist_eqw,0.918919,
task_3918_pc1,7,exact,0.927928,
task_3918_pc1,7,hist_random,0.927928,
task_3918_pc1,7,hist_eqw,0.927928,
task_3918_pc1,9,exact,0.927273,
task_3918_pc1,9,hist_random,0.936364,
task_3918_pc1,9,hist_eqw,0.936364,
task_3918_pc1,8,exact,0.90991,
task_3918_pc1,8,hist_random,0.927928,
task_3918_pc1,8,hist_eqw,0.90991,
task_3_kr-vs-kp,0,exact,0.990625,
task_3_kr-vs-kp,0,hist_random,0.990625,
task_3_kr-vs-kp,0,hist_eqw,0.990625,
task_3_kr-vs-kp,1,exact,0.975,
task_3_kr-vs-kp,1,hist_random,0.975,
task_3_kr-vs-kp,1,hist_eqw,0.975,
task_3_kr-vs-kp,2,exact,0.990625,
task_3_kr-vs-kp,2,hist_random,0.990625,
task_3_kr-vs-kp,2,hist_eqw,0.990625,
task_3_kr-vs-kp,4,exact,0.996875,
task_3_kr-vs-kp,4,hist_random,0.996875,
task_3_kr-vs-kp,4,hist_eqw,0.996875,
task_3_kr-vs-kp,3,exact,0.99375,
task_3_kr-vs-kp,3,hist_random,0.99375,
task_3_kr-vs-kp,3,hist_eqw,0.99375,
task_3_kr-vs-kp,5,exact,1,
task_3_kr-vs-kp,5,hist_random,1,
task_3_kr-vs-kp,5,hist_eqw,1,
task_3_kr-vs-kp,7,exact,0.984326,
task_3_kr-vs-kp,7,hist_random,0.984326,
task_3_kr-vs-kp,7,hist_eqw,0.984326,
task_3_kr-vs-kp,6,exact,0.99373,
task_3_kr-vs-kp,6,hist_random,0.99373,
task_3_kr-vs-kp,6,hist_eqw,0.99373,
task_3_kr-vs-kp,8,exact,0.990596,
task_3_kr-vs-kp,8,hist_random,0.990596,
task_3_kr-vs-kp,8,hist_eqw,0.990596,
task_3_kr-vs-kp,9,exact,0.996865,
task_3_kr-vs-kp,9,hist_random,0.996865,
task_3_kr-vs-kp,9,hist_eqw,0.996865,
task_43_spambase,1,exact,0.971739,
task_43_spambase,1,hist_random,0.906522,
task_43_spambase,1,hist_eqw,0.971739,
task_43_spambase,2,exact,0.963043,
task_43_spambase,2,hist_random,0.932609,
task_43_spambase,2,hist_eqw,0.958696,
task_43_spambase,4,exact,0.921739,
task_43_spambase,4,hist_random,0.863043,
task_43_spambase,4,hist_eqw,0.926087,
task_43_spambase,0,exact,0.91757,
task_43_spambase,0,hist_random,0.882863,
task_43_spambase,0,hist_eqw,0.928416,
task_43_spambase,3,exact,0.969565,
task_43_spambase,3,hist_random,0.926087,
task_43_spambase,3,hist_eqw,0.963043,
task_43_spambase,5,exact,0.963043,
task_43_spambase,5,hist_random,0.921739,
task_43_spambase,5,hist_eqw,0.967391,
task_43_spambase,8,exact,0.95,
task_43_spambase,8,hist_random,0.913043,
task_43_spambase,8,hist_eqw,0.956522,
task_49_tic-tac-toe,0,exact,0.96875,
task_49_tic-tac-toe,0,hist_random,0.96875,
task_49_tic-tac-toe,0,hist_eqw,0.96875,
task_49_tic-tac-toe,1,exact,0.979167,
task_49_tic-tac-toe,1,hist_random,0.979167,
task_49_tic-tac-toe,1,hist_eqw,0.979167,
task_49_tic-tac-toe,2,exact,1,
task_49_tic-tac-toe,2,hist_random,1,
task_49_tic-tac-toe,2,hist_eqw,1,
task_49_tic-tac-toe,3,exact,0.979167,
task_49_tic-tac-toe,3,hist_random,0.979167,
task_49_tic-tac-toe,3,hist_eqw,0.979167,
task_49_tic-tac-toe,4,exact,0.989583,
task_49_tic-tac-toe,4,hist_random,0.989583,
task_49_tic-tac-toe,4,hist_eqw,0.989583,
task_49_tic-tac-toe,5,exact,1,
task_49_tic-tac-toe,5,hist_random,1,
task_49_tic-tac-toe,5,hist_eqw,1,
task_49_tic-tac-toe,6,exact,0.989583,
task_49_tic-tac-toe,6,hist_random,0.989583,
task_49_tic-tac-toe,6,hist_eqw,0.989583,
task_43_spambase,9,exact,0.95,
task_43_spambase,9,hist_random,0.91087,
task_43_spambase,9,hist_eqw,0.95,
task_43_spambase,6,exact,0.93913,
task_43_spambase,6,hist_random,0.91087,
task_43_spambase,6,hist_eqw,0.936957,
task_49_tic-tac-toe,7,exact,0.96875,
task_49_tic-tac-toe,7,hist_random,0.96875,
task_49_tic-tac-toe,7,hist_eqw,0.96875,
task_43_spambase,7,exact,0.941304,
task_43_spambase,7,hist_random,0.921739,
task_43_spambase,7,hist_eqw,0.936957,
task_49_tic-tac-toe,8,exact,0.978947,
task_49_tic-tac-toe,8,hist_random,0.978947,
task_49_tic-tac-toe,8,hist_eqw,0.978947,
task_49_tic-tac-toe,9,exact,1,
task_49_tic-tac-toe,9,hist_random,1,
task_49_tic-tac-toe,9,hist_eqw,1,
task_7592_adult,4,exact,0.865274,
task_7592_adult,4,hist_random,0.857084,
task_7592_adult,4,hist_eqw,0.86466,
task_7592_adult,1,exact,0.871238,
task_7592_adult,1,hist_random,0.857523,
task_7592_adult,1,hist_eqw,0.868987,
task_7592_adult,3,exact,0.863432,
task_7592_adult,3,hist_random,0.859541,
task_7592_adult,3,hist_eqw,0.865479,
task_7592_adult,0,exact,0.866121,
task_7592_adult,0,hist_random,0.857728,
task_7592_adult,0,hist_eqw,0.864483,
task_7592_adult,2,exact,0.863636,
task_7592_adult,2,hist_random,0.860156,
task_7592_adult,2,hist_eqw,0.864455,
task_7592_adult,5,exact,0.865274,
task_7592_adult,5,hist_random,0.858108,
task_7592_adult,5,hist_eqw,0.864046,
task_7592_adult,6,exact,0.864251,
task_7592_adult,6,hist_random,0.859541,
task_7592_adult,6,hist_eqw,0.864251,
task_7592_adult,7,exact,0.866298,
task_7592_adult,7,hist_random,0.862613,
task_7592_adult,7,hist_eqw,0.864046,
task_7592_adult,9,exact,0.870803,
task_7592_adult,9,hist_random,0.86466,
task_7592_adult,9,hist_eqw,0.869984,
task_7592_adult,8,exact,0.87285,
task_7592_adult,8,hist_random,0.862613,
task_7592_adult,8,hist_eqw,0.870393,
task_9910_Bioresponse,0,exact,0.805851,
task_9910_Bioresponse,0,hist_random,0.784574,
task_9910_Bioresponse,0,hist_eqw,0.795213,
task_9910_Bioresponse,3,exact,0.842667,
task_9910_Bioresponse,3,hist_random,0.808,
task_9910_Bioresponse,3,hist_eqw,0.84,
task_9910_Bioresponse,1,exact,0.794667,
task_9910_Bioresponse,1,hist_random,0.778667,
task_9910_Bioresponse,1,hist_eqw,0.805333,
task_9910_Bioresponse,2,exact,0.805333,
task_9910_Bioresponse,2,hist_random,0.808,
task_9910_Bioresponse,2,hist_eqw,0.810667,
task_9910_Bioresponse,4,exact,0.821333,
task_9910_Bioresponse,4,hist_random,0.789333,
task_9910_Bioresponse,4,hist_eqw,0.813333,
task_9910_Bioresponse,5,exact,0.813333,
task_9910_Bioresponse,5,hist_random,0.808,
task_9910_Bioresponse,5,hist_eqw,0.794667,
task_9946_wdbc,0,exact,0.982456,
task_9946_wdbc,0,hist_random,0.947368,
task_9946_wdbc,0,hist_eqw,0.982456,
task_9946_wdbc,1,exact,0.964912,
task_9946_wdbc,1,hist_random,0.947368,
task_9946_wdbc,1,hist_eqw,0.982456,
task_9946_wdbc,2,exact,0.947368,
task_9946_wdbc,2,hist_random,0.947368,
task_9946_wdbc,2,hist_eqw,0.947368,
task_9946_wdbc,3,exact,0.964912,
task_9946_wdbc,3,hist_random,0.964912,
task_9946_wdbc,3,hist_eqw,0.964912,
task_9946_wdbc,4,exact,1,
task_9946_wdbc,4,hist_random,0.964912,
task_9946_wdbc,4,hist_eqw,0.982456,
task_9946_wdbc,5,exact,0.964912,
task_9946_wdbc,5,hist_random,0.947368,
task_9946_wdbc,5,hist_eqw,0.964912,
task_9946_wdbc,6,exact,0.964912,
task_9946_wdbc,6,hist_random,0.947368,
task_9946_wdbc,6,hist_eqw,0.947368,
task_9946_wdbc,7,exact,0.964912,
task_9946_wdbc,7,hist_random,0.964912,
task_9946_wdbc,7,hist_eqw,0.964912,
task_9910_Bioresponse,6,exact,0.794667,
task_9910_Bioresponse,6,hist_random,0.784,
task_9910_Bioresponse,6,hist_eqw,0.789333,
task_9946_wdbc,8,exact,0.929825,
task_9946_wdbc,8,hist_random,0.947368,
task_9946_wdbc,8,hist_eqw,0.929825,
task_9946_wdbc,9,exact,0.982143,
task_9946_wdbc,9,hist_random,0.982143,
task_9946_wdbc,9,hist_eqw,0.982143,
task_9952_phoneme,0,exact,0.887246,
task_9952_phoneme,0,hist_random,0.866913,
task_9952_phoneme,0,hist_eqw,0.887246,
task_9952_phoneme,1,exact,0.926063,
task_9952_phoneme,1,hist_random,0.887246,
task_9952_phoneme,1,hist_eqw,0.916821,
task_9910_Bioresponse,8,exact,0.802667,
task_9910_Bioresponse,8,hist_random,0.829333,
task_9910_Bioresponse,8,hist_eqw,0.810667,
task_9952_phoneme,2,exact,0.879852,
task_9952_phoneme,2,hist_random,0.866913,
task_9952_phoneme,2,hist_eqw,0.889094,
task_9910_Bioresponse,9,exact,0.768,
task_9910_Bioresponse,9,hist_random,0.762667,
task_9910_Bioresponse,9,hist_eqw,0.765333,
task_9952_phoneme,4,exact,0.888889,
task_9952_phoneme,4,hist_random,0.87037,
task_9952_phoneme,4,hist_eqw,0.896296,
task_9952_phoneme,3,exact,0.876155,
task_9952_phoneme,3,hist_random,0.853974,
task_9952_phoneme,3,hist_eqw,0.878004,
task_9952_phoneme,5,exact,0.912963,
task_9952_phoneme,5,hist_random,0.87963,
task_9952_phoneme,5,hist_eqw,0.92037,
task_9952_phoneme,7,exact,0.9,
task_9952_phoneme,7,hist_random,0.868519,
task_9952_phoneme,7,hist_eqw,0.896296,
task_9952_phoneme,8,exact,0.896296,
task_9952_phoneme,8,hist_random,0.862963,
task_9952_phoneme,8,hist_eqw,0.888889,
task_9952_phoneme,6,exact,0.924074,
task_9952_phoneme,6,hist_random,0.898148,
task_9952_phoneme,6,hist_eqw,0.916667,
task_9957_qsar-biodeg,0,exact,0.886792,
task_9957_qsar-biodeg,0,hist_random,0.849057,
task_9957_qsar-biodeg,0,hist_eqw,0.877358,
task_9910_Bioresponse,7,exact,0.8,
task_9910_Bioresponse,7,hist_random,0.808,
task_9910_Bioresponse,7,hist_eqw,0.810667,
task_9952_phoneme,9,exact,0.912963,
task_9952_phoneme,9,hist_random,0.874074,
task_9952_phoneme,9,hist_eqw,0.903704,
task_9957_qsar-biodeg,1,exact,0.858491,
task_9957_qsar-biodeg,1,hist_random,0.886792,
task_9957_qsar-biodeg,1,hist_eqw,0.849057,
task_9957_qsar-biodeg,4,exact,0.820755,
task_9957_qsar-biodeg,4,hist_random,0.849057,
task_9957_qsar-biodeg,4,hist_eqw,0.849057,
task_9957_qsar-biodeg,2,exact,0.820755,
task_9957_qsar-biodeg,2,hist_random,0.830189,
task_9957_qsar-biodeg,2,hist_eqw,0.801887,
task_9957_qsar-biodeg,3,exact,0.90566,
task_9957_qsar-biodeg,3,hist_random,0.867925,
task_9957_qsar-biodeg,3,hist_eqw,0.896226,
task_9957_qsar-biodeg,5,exact,0.87619,
task_9957_qsar-biodeg,5,hist_random,0.866667,
task_9957_qsar-biodeg,5,hist_eqw,0.87619,
task_9957_qsar-biodeg,6,exact,0.885714,
task_9957_qsar-biodeg,6,hist_random,0.904762,
task_9957_qsar-biodeg,6,hist_eqw,0.895238,
task_9971_ilpd,0,exact,0.661017,
task_9971_ilpd,0,hist_random,0.711864,
task_9971_ilpd,0,hist_eqw,0.677966,
task_9971_ilpd,1,exact,0.576271,
task_9971_ilpd,1,hist_random,0.711864,
task_9971_ilpd,1,hist_eqw,0.59322,
task_9957_qsar-biodeg,7,exact,0.838095,
task_9957_qsar-biodeg,7,hist_random,0.847619,
task_9957_qsar-biodeg,7,hist_eqw,0.857143,
task_9971_ilpd,2,exact,0.728814,
task_9971_ilpd,2,hist_random,0.711864,
task_9971_ilpd,2,hist_eqw,0.728814,
task_9957_qsar-biodeg,9,exact,0.857143,
task_9957_qsar-biodeg,9,hist_random,0.87619,
task_9957_qsar-biodeg,9,hist_eqw,0.857143,
task_9957_qsar-biodeg,8,exact,0.914286,
task_9957_qsar-biodeg,8,hist_random,0.87619,
task_9957_qsar-biodeg,8,hist_eqw,0.914286,
task_9971_ilpd,3,exact,0.706897,
task_9971_ilpd,3,hist_random,0.724138,
task_9971_ilpd,3,hist_eqw,0.637931,
task_9971_ilpd,5,exact,0.672414,
task_9971_ilpd,5,hist_random,0.689655,
task_9971_ilpd,5,hist_eqw,0.672414,
task_9971_ilpd,4,exact,0.586207,
task_9971_ilpd,4,hist_random,0.706897,
task_9971_ilpd,4,hist_eqw,0.62069,
task_9971_ilpd,7,exact,0.689655,
task_9971_ilpd,7,hist_random,0.724138,
task_9971_ilpd,7,hist_eqw,0.706897,
task_9971_ilpd,6,exact,0.706897,
task_9971_ilpd,6,hist_random,0.724138,
task_9971_ilpd,6,hist_eqw,0.724138,
task_9971_ilpd,8,exact,0.758621,
task_9971_ilpd,8,hist_random,0.741379,
task_9971_ilpd,8,hist_eqw,0.793103,
task_9971_ilpd,9,exact,0.775862,
task_9971_ilpd,9,hist_random,0.724138,
task_9971_ilpd,9,hist_eqw,0.793103,
task_9976_madelon,2,exact,0.703846,
task_9976_madelon,2,hist_random,0.630769,
task_9976_madelon,2,hist_eqw,0.711538,
task_9976_madelon,0,exact,0.676923,
task_9976_madelon,0,hist_random,0.615385,
task_9976_madelon,0,hist_eqw,0.719231,
task_9976_madelon,1,exact,0.715385,
task_9976_madelon,1,hist_random,0.665385,
task_9976_madelon,1,hist_eqw,0.711538,
task_9976_madelon,3,exact,0.723077,
task_9976_madelon,3,hist_random,0.646154,
task_9976_madelon,3,hist_eqw,0.742308,
task_9976_madelon,4,exact,0.707692,
task_9976_madelon,4,hist_random,0.696154,
task_9976_madelon,4,hist_eqw,0.757692,
task_9976_madelon,5,exact,0.738462,
task_9976_madelon,5,hist_random,0.623077,
task_9976_madelon,5,hist_eqw,0.711538,
task_9976_madelon,6,exact,0.7,
task_9976_madelon,6,hist_random,0.603846,
task_9976_madelon,6,hist_eqw,0.680769,
task_9976_madelon,7,exact,0.684615,
task_9976_madelon,7,hist_random,0.584615,
task_9976_madelon,7,hist_eqw,0.696154,
task_9976_madelon,9,exact,0.773077,
task_9976_madelon,9,hist_random,0.696154,
task_9976_madelon,9,hist_eqw,0.753846,
task_9976_madelon,8,exact,0.715385,
task_9976_madelon,8,hist_random,0.615385,
task_9976_madelon,8,hist_eqw,0.669231,
task_9977_nomao,0,exact,0.964317,
task_9977_nomao,0,hist_random,0.955904,
task_9977_nomao,0,hist_eqw,0.963156,
task_9977_nomao,1,exact,0.965767,
task_9977_nomao,1,hist_random,0.960836,
task_9977_nomao,1,hist_eqw,0.965477,
task_9977_nomao,4,exact,0.965767,
task_9977_nomao,4,hist_random,0.957934,
task_9977_nomao,4,hist_eqw,0.966057,
task_9977_nomao,2,exact,0.964317,
task_9977_nomao,2,hist_random,0.953293,
task_9977_nomao,2,hist_eqw,0.962866,
task_9977_nomao,3,exact,0.971279,
task_9977_nomao,3,hist_random,0.964317,
task_9977_nomao,3,hist_eqw,0.968958,
task_9977_nomao,5,exact,0.963726,
task_9977_nomao,5,hist_random,0.961114,
task_9977_nomao,5,hist_eqw,0.963146,
task_9977_nomao,6,exact,0.962565,
task_9977_nomao,6,hist_random,0.958503,
task_9977_nomao,6,hist_eqw,0.960534,
task_9978_ozone-level-8hr,0,exact,0.948819,
task_9978_ozone-level-8hr,0,hist_random,0.956693,
task_9978_ozone-level-8hr,0,hist_eqw,0.944882,
task_9977_nomao,7,exact,0.9704,
task_9977_nomao,7,hist_random,0.964306,
task_9977_nomao,7,hist_eqw,0.96953,
task_9978_ozone-level-8hr,1,exact,0.948819,
task_9978_ozone-level-8hr,1,hist_random,0.940945,
task_9978_ozone-level-8hr,1,hist_eqw,0.948819,
task_9978_ozone-level-8hr,3,exact,0.940945,
task_9978_ozone-level-8hr,3,hist_random,0.937008,
task_9978_ozone-level-8hr,3,hist_eqw,0.940945,
task_9978_ozone-level-8hr,2,exact,0.940945,
task_9978_ozone-level-8hr,2,hist_random,0.940945,
task_9978_ozone-level-8hr,2,hist_eqw,0.937008,
task_9978_ozone-level-8hr,4,exact,0.948617,
task_9978_ozone-level-8hr,4,hist_random,0.940711,
task_9978_ozone-level-8hr,4,hist_eqw,0.944664,
task_9978_ozone-level-8hr,7,exact,0.944664,
task_9978_ozone-level-8hr,7,hist_random,0.936759,
task_9978_ozone-level-8hr,7,hist_eqw,0.940711,
task_9978_ozone-level-8hr,5,exact,0.932806,
task_9978_ozone-level-8hr,5,hist_random,0.936759,
task_9978_ozone-level-8hr,5,hist_eqw,0.940711,
task_9978_ozone-level-8hr,6,exact,0.944664,
task_9978_ozone-level-8hr,6,hist_random,0.940711,
task_9978_ozone-level-8hr,6,hist_eqw,0.944664,
task_9978_ozone-level-8hr,9,exact,0.932806,
task_9978_ozone-level-8hr,9,hist_random,0.940711,
task_9978_ozone-level-8hr,9,hist_eqw,0.932806,
task_9978_ozone-level-8hr,8,exact,0.940711,
task_9978_ozone-level-8hr,8,hist_random,0.936759,
task_9978_ozone-level-8hr,8,hist_eqw,0.940711,
task_9977_nomao,9,exact,0.964597,
task_9977_nomao,9,hist_random,0.957052,
task_9977_nomao,9,hist_eqw,0.964887,
task_9977_nomao,8,exact,0.96924,
task_9977_nomao,8,hist_random,0.960534,
task_9977_nomao,8,hist_eqw,0.966918,
