dataset,Exact_mean,Exact_std,n_samples,Dynamic_Random_Histogram_thresh250_mean,Dynamic_Random_Histogram_thresh250_std,Dynamic_Random_Histogram_thresh250_delta,Dynamic_Random_Histogram_thresh250_delta_lo,Dynamic_Random_Histogram_thresh250_delta_hi,Dynamic_Random_Histogram_thresh250_p,Random_mean,Random_std,Random_delta,Random_delta_lo,Random_delta_hi,Random_p,Random_bins128_mean,Random_bins128_std,Random_bins128_delta,Random_bins128_delta_lo,Random_bins128_delta_hi,Random_bins128_p,Random_bins16_mean,Random_bins16_std,Random_bins16_delta,Random_bins16_delta_lo,Random_bins16_delta_hi,Random_bins16_p,Random_bins256_mean,Random_bins256_std,Random_bins256_delta,Random_bins256_delta_lo,Random_bins256_delta_hi,Random_bins256_p,Random_bins32_mean,Random_bins32_std,Random_bins32_delta,Random_bins32_delta_lo,Random_bins32_delta_hi,Random_bins32_p,Dynamic_Random_Histogram_thresh250_p_holm,Random_p_holm,Random_bins128_p_holm,Random_bins16_p_holm,Random_bins256_p_holm,Random_bins32_p_holm
HIGGS_train_10500k,0.732302,,1,0.73058,,-0.0017220000000000013,,,1.0,0.730574,,-0.0017280000000000628,,,1.0,,,,,,,,,,,,,,,,,,,,,,,,,1.0,1.0,,,,
SUSY_train_4500k,0.80309,,1,0.802736,,-0.00035399999999996545,,,1.0,0.802776,,-0.00031399999999992545,,,1.0,,,,,,,,,,,,,,,,,,,,,,,,,1.0,1.0,,,,
task_10093_banknote-authentication,0.9990303333333334,0.002514456345344597,30,0.9995169333333334,0.001838369122316036,0.0004866000000000037,-0.00020487932908553979,0.0011780793290855473,0.5,1.0,0.0,0.0009696666666666687,3.0753236704652415e-05,0.001908580096628685,0.125,0.9992753999999999,0.002291386392558,5.300000000008076e-06,-0.002447163506995902,0.002457763506995918,1.0,1.0,0.0,0.0007299000000000055,-0.0009212485131264165,0.002381048513126428,1.0,1.0,0.0,0.0007299000000000055,-0.0009212485131264165,0.002381048513126428,1.0,0.9992753999999999,0.002291386392558,5.300000000008076e-06,-0.002447163506995902,0.002457763506995918,1.0,1.0,1.0,1.0,1.0,1.0,1.0
task_10101_blood-transfusion-service-center,0.7473213333333333,0.044524855131002745,30,0.7460059333333333,0.03796107191078898,-0.0013153999999999963,-0.00953888379077948,0.006908083790779488,0.6529130598754697,0.7477898666666666,0.04246148926338275,0.00046853333333333563,-0.008548681382842769,0.009485748049509439,0.6044698293583015,0.7513513,0.039946027526178644,1.789999999999292e-05,-0.008990235129048355,0.00902603512904834,0.75,0.7526667,0.044821109855488594,0.0013332999999999928,-0.008151817189596042,0.010818417189596027,1.0,0.7500359999999999,0.04266582638495488,-0.001297400000000004,-0.010814183788295515,0.008219383788295507,1.0,0.7527027999999999,0.04371525811633484,0.0013693999999999872,-0.010923347778453609,0.013662147778453584,0.578125,1.0,1.0,1.0,1.0,1.0,1.0
task_125920_dresses-sales,0.5700000000000001,0.0651258728182957,30,0.5866666666666666,0.0641836445668603,0.01666666666666665,0.0022435481884760106,0.031089785144857288,0.021440611948957744,0.5766666666666667,0.06582805886043831,0.006666666666666654,-0.006391813650058508,0.01972514698339182,0.45551431259464836,0.5800000000000001,0.06394442031083625,0.00799999999999999,-0.011313164477327362,0.02731316447732734,0.53515625,0.5800000000000001,0.05249338582674541,0.008000000000000002,-0.02517830505437365,0.04117830505437365,0.30078125,0.5780000000000001,0.07685484153042453,0.0060000000000000105,-0.024199774588628126,0.03619977458862815,0.59375,0.576,0.05641118880348313,0.003999999999999998,-0.026759422709124625,0.03475942270912462,0.44140625,0.6860995823666478,1.0,1.0,1.0,1.0,1.0
task_146819_climate-model-simulation-crashes,0.9382714333333334,0.019654330749723843,30,0.9388887333333333,0.01892895383001529,0.0006173000000000022,-0.0015943609493296951,0.002828960949329699,0.75,0.9382714333333334,0.019654330749723843,0.0,-0.0031452281726638085,0.0031452281726638085,1.0,0.9388887,0.021472162376486966,0.0018518000000000035,-0.00233726263406972,0.0060408626340697266,1.0,0.9425925000000002,0.016214687637036564,0.005555600000000005,-0.000843529240283301,0.011954729240283311,0.25,0.9370369000000001,0.02173671347666585,1.1102230246251566e-17,-0.006244685874522789,0.006244685874522812,1.0,0.9388887,0.017567986693288316,0.0018518000000000035,-0.007922894926478031,0.01162649492647804,0.875,1.0,1.0,1.0,1.0,1.0,1.0
task_146820_wilt,0.9866377666666666,0.005109230124091074,30,0.9868443666666668,0.004252376937612696,0.00020660000000000123,-0.0006372738064251256,0.0010504738064251282,0.7902372916345208,0.9875331666666667,0.0042871505936511916,0.0008954000000000055,0.00011905216280557764,0.0016717478371944335,0.027047252469097748,0.9861557,0.005247469698181543,-0.0008264000000000049,-0.0024151241829263015,0.0007623241829262917,0.5,0.9871882000000001,0.003989927757630598,0.00020609999999999796,-0.0014207639440473748,0.0018329639440473706,1.0,0.9867754999999999,0.005524970814402572,-0.00020660000000000123,-0.0025640884721881384,0.002150888472188136,1.0,0.9869821,0.004466516526083595,0.0,-0.001557872232780373,0.001557872232780373,1.0,1.0,0.8655120790111279,1.0,1.0,1.0,1.0
task_14952_PhishingWebsites,0.9712960666666668,0.0052201648800313406,30,0.9711750666666668,0.005291063239302553,-0.00012100000000000073,-0.000922972934895745,0.0006809729348957435,0.500333277465124,0.9715370333333334,0.005111418647015459,0.00024096666666666063,-0.0005218210724812667,0.001003754405814588,0.7638495707147706,0.9713259000000001,0.004764518594079935,0.0004516999999999993,-0.001019016158042359,0.0019224161580423576,0.65234375,0.9705117999999999,0.004491395620764471,-0.00036240000000001824,-0.0019534883900996078,0.001228688390099571,0.43359375,0.9713257000000001,0.00557446172887274,0.0004515000000000047,-0.0012537292226552517,0.002156729222655261,0.69921875,0.9711451999999999,0.006180776682586112,0.000270999999999999,-0.001060465598611743,0.0016024655986117409,0.9921875,1.0,1.0,1.0,1.0,1.0,1.0
task_14954_cylinder-bands,0.7481481,0.07729277095712792,30,0.7716049,0.06602730532676455,0.023456799999999996,0.00557791120279498,0.04133568879720501,0.018959095800201754,0.7679011666666666,0.06391601524364951,0.019753066666666663,-0.006243118106674921,0.04574925144000824,0.1235558240961205,0.7685184,0.06063838987931287,0.03888879999999999,0.002235187593405387,0.0755424124065946,0.046875,0.7777777,0.04701085431885799,0.04814809999999999,0.01872422500976761,0.07757197499023237,0.029296875,0.7685185000000001,0.08060210140112835,0.03888889999999999,0.01064856717625156,0.06712923282374841,0.0078125,0.7537037,0.057939210348337385,0.024074099999999987,-0.023505831107307334,0.07165403110730731,0.35546875,0.6256501614066579,1.0,1.0,0.908203125,0.2578125,1.0
task_14965_bank-marketing,0.9089453666666666,0.004022754815943348,30,0.9096237666666666,0.003936009721772176,0.0006784000000000012,-0.00021194798259734277,0.0015687479825973452,0.15134817868608527,0.9095573666666666,0.0038509734773156416,0.0006119999999999904,-0.0003595953994562631,0.0015835953994562438,0.3867586765719421,0.9097785999999999,0.004034518013344349,0.0010398000000000017,-0.00045379231178127393,0.0025333923117812776,0.10546875,0.9094469000000001,0.004149119035008114,0.0007081000000000004,-0.0008561148387809922,0.0022723148387809927,0.26171875,0.9098008,0.0033563870058938732,0.0010620000000000074,-1.3149989894328893e-05,0.0021371499898943437,0.05859375,0.9098670999999999,0.003764729456120025,0.0011283000000000044,-0.0007475133731896985,0.0030041133731897075,0.193359375,1.0,1.0,1.0,1.0,1.0,1.0
task_15_breast-w,0.9699518333333333,0.0169384658713448,30,0.9675708333333334,0.01717221174291995,-0.002381,-0.005221892178581855,0.00045989217858185497,0.234375,0.9666184333333335,0.018510637738754495,-0.003333400000000001,-0.006673116944864386,6.316944864383483e-06,0.09375,0.9671015000000001,0.020249883600488506,0.001449200000000006,-0.006111563536034911,0.009009963536034922,0.75,0.9685301000000001,0.01621086004607201,0.002877799999999997,-0.0036064811269056534,0.009362081126905647,0.5,0.9685095,0.013189032802968457,0.002857199999999993,-0.003606235445547036,0.009320635445547022,0.625,0.9713873,0.01166493544345618,0.005735000000000001,0.0004384316719982899,0.011031568328001713,0.125,1.0,1.0,1.0,1.0,1.0,1.0
task_167120_numerai28.6,0.5176217666666667,0.005054001062206227,30,0.5170058666666667,0.0047532504866150006,-0.0006159000000000026,-0.0023464051696149525,0.0011146051696149474,0.3990097372950273,0.5152997,0.004409891906955827,-0.0023220666666666557,-0.00439544578100113,-0.0002486875523321822,0.03326423839289795,0.5180855999999999,0.0031708120305898534,1.0000000002508003e-07,-0.003959001611569568,0.003959201611569619,0.734375,0.5159676,0.004835015481992913,-0.0021178999999999617,-0.005592093895237401,0.0013562938952374772,0.220703125,0.5165491,0.004454281073055203,-0.0015363999999999823,-0.0048738369953563124,0.0018010369953563477,0.4921875,0.5182618999999999,0.003148834826831438,0.00017640000000002098,-0.0031852717015867786,0.0035380717015868206,1.0,1.0,0.9979271517869386,1.0,1.0,1.0,1.0
task_167125_Internet-Advertisements,0.9760063666666665,0.006841316088768056,30,0.9764128666666665,0.007260135482412739,0.00040649999999999855,-0.0007014831999121138,0.0015144831999121108,0.5777295439486974,0.9770229666666665,0.00767969193654471,0.001016599999999997,-0.000191765060444038,0.0022249650604440323,0.10000137830747913,0.9755994999999998,0.007342670287057993,-0.0006097999999999937,-0.0019892634378743247,0.0007696634378743373,0.625,0.97682,0.007776166307663718,0.0006107000000000085,-0.0013942376136601936,0.002615637613660211,0.5,0.9771249000000001,0.0073743446932968615,0.0009156000000000053,-0.0008806682719589513,0.002711868271958962,0.375,0.9774298,0.007367779234236354,0.0012205000000000022,-0.0011245371267725572,0.0035655371267725618,0.25,1.0,1.0,1.0,1.0,1.0,1.0
task_167141_churn,0.9605333333333335,0.007314290845646811,30,0.9603333333333332,0.006369828305667132,-0.00020000000000000017,-0.0017235828760460796,0.0013235828760460794,0.7940979540247348,0.9604666666666666,0.006489956874270053,-6.666666666666672e-05,-0.0016896717912087069,0.0015563384578753735,0.9588414166241153,0.9597999999999999,0.006629898608240976,-0.001200000000000001,-0.004967244520996641,0.0025672445209966393,0.373046875,0.9597999999999999,0.00520256347070045,-0.001200000000000001,-0.004906380347236873,0.002506380347236871,0.609375,0.9583999999999999,0.006239658110292054,-0.0026000000000000025,-0.007076302929240965,0.00187630292924096,0.24609375,0.9605999999999998,0.005738757124441964,-0.00040000000000000034,-0.005062946806909157,0.004262946806909157,0.8984375,1.0,1.0,1.0,1.0,1.0,1.0
task_219_electricity,0.8830037999999999,0.0035249548727852415,30,0.8667094333333334,0.0035983034956943824,-0.01629436666666667,-0.017434568435906524,-0.01515416489742682,1.726772765612998e-06,0.8662975,0.0038094557286147716,-0.016706300000000004,-0.01792972435007179,-0.015482875649928219,1.7311263949197288e-06,0.8691739,0.0033663601659160887,-0.013815200000000017,-0.015138172860754182,-0.012492227139245853,0.001953125,0.8567047000000001,0.00398346303972923,-0.02628440000000002,-0.027898769781273973,-0.024670030218726068,0.001953125,0.8725944,0.0035268244199122,-0.010394700000000024,-0.012465936282567636,-0.008323463717432412,0.001953125,0.8614054000000001,0.0046316754635876605,-0.021583700000000004,-0.023692298261937424,-0.019475101738062585,0.001953125,6.216381956206793e-05,6.232055021711024e-05,0.06640625,0.06640625,0.06640625,0.06640625
task_29_credit-approval,0.8690820000000002,0.03757782619008734,30,0.8642511000000002,0.038717103958337204,-0.004830900000000009,-0.01265818893449246,0.0029963889344924435,0.258796142161839,0.8628018666666668,0.032009608759669746,-0.006280133333333338,-0.01464988886761611,0.0020896222009494344,0.2130580848724144,0.8666666,0.031898650445852196,9.999999999177333e-08,-0.010928230444301346,0.010928430444301331,1.0,0.8579709000000001,0.028824148130228135,-0.008695600000000015,-0.028366623284636475,0.010975423284636444,0.34375,0.8623188,0.0336436150415895,-0.004347700000000021,-0.016368864860963183,0.0076734648609631416,0.578125,0.8594203,0.038069522808934705,-0.007246200000000025,-0.02633156181609741,0.01183916181609736,0.453125,1.0,1.0,1.0,1.0,1.0,1.0
task_31_credit-g,0.7526666666666667,0.03694668417144318,30,0.762,0.035757805996106264,0.009333333333333338,0.0013106679826560517,0.017355998684010623,0.023925385686088187,0.7563333333333333,0.0293002687210619,0.00366666666666667,-0.0038963507194914094,0.01122968405282475,0.4967433281566992,0.763,0.03093002855909882,0.0030000000000000027,-0.009640221355327003,0.015640221355327007,0.642578125,0.764,0.031692971530679265,0.0040000000000000036,-0.01292843411645498,0.020928434116454987,0.80078125,0.752,0.02973961069759398,-0.008000000000000007,-0.019082261533675413,0.0030822615336754,0.1875,0.7539999999999999,0.026749870196985197,-0.006000000000000005,-0.020386402649062302,0.008386402649062293,0.501953125,0.7416869562687338,1.0,1.0,1.0,1.0,1.0
task_37_diabetes,0.7525862000000001,0.05048073226926665,30,0.7521476000000001,0.04593912027335369,-0.0004385999999999964,-0.009862764211547411,0.00898556421154742,0.683788373493057,0.7551551000000001,0.04301548492261347,0.002568900000000007,-0.007013188041650433,0.012150988041650448,0.5442165219804531,0.7512305,0.054958780841746394,-0.003947400000000001,-0.022663527259811002,0.014768727259811001,0.875,0.7512475999999999,0.058183827054527015,-0.003930299999999998,-0.02154365792749136,0.013683057927491363,0.96875,0.7577411,0.04595391521090571,0.0025631999999999877,-0.011242861670905015,0.01636926167090499,0.875,0.7565107999999999,0.05124324764796931,0.0013328999999999923,-0.013570219340963148,0.016236019340963134,0.76171875,1.0,1.0,1.0,1.0,1.0,1.0
task_3902_pc4,0.9147253999999999,0.01741882030646637,30,0.916103,0.019151826346690614,0.001377600000000001,-0.0024495970959577205,0.005204797095957722,0.5191916623184056,0.9197607000000002,0.017513958025942702,0.005035299999999994,0.0008324528672340823,0.009238147132765906,0.06977846851983845,0.9170147,0.02102211029712392,-0.0013840999999999992,-0.010867634299215532,0.008099434299215533,0.6796875,0.9197639000000001,0.017951506581466766,0.001365099999999997,-0.005878832434724187,0.008609032434724181,0.6328125,0.9190695,0.020614218659567092,0.000670700000000013,-0.006443560959302435,0.007784960959302461,1.0,0.9190597999999998,0.020663712707169653,0.0006610000000000005,-0.010312465047938918,0.011634465047938919,1.0,1.0,1.0,1.0,1.0,1.0,1.0
task_3903_pc3,0.8980591333333334,0.017355909109467355,30,0.8984880333333333,0.015774871524660367,0.00042890000000000983,-0.003770099185708412,0.004627899185708432,0.7099223905315175,0.8984893666666667,0.018475299065253987,0.0004302333333333445,-0.004000292443747395,0.004860759110414084,0.6935087833557898,0.8989099000000002,0.021036855756029718,-0.0006448999999999816,-0.0082506782134417,0.006960878213441736,0.703125,0.8982730999999999,0.021383409854110955,-0.0012816999999999967,-0.010645028916976372,0.008081628916976379,0.796875,0.8988975000000001,0.019561995826658945,-0.000657299999999994,-0.008264384738646505,0.006949784738646517,0.75,0.8995387000000001,0.018137902359730316,-1.609999999999667e-05,-0.009674246522152869,0.009642046522152876,0.98828125,1.0,1.0,1.0,1.0,1.0,1.0
task_3904_jm1,0.8167198333333334,0.006971747122262947,30,0.8148214333333333,0.005268881021577579,-0.0018983999999999926,-0.003989394106358263,0.0001925941063582778,0.11550229037299688,0.8131064000000001,0.005972513544679432,-0.003613433333333338,-0.00529371207241351,-0.0019331545942531659,0.00047226085495757024,0.8155254999999999,0.0055782464239818984,-0.0007351999999999804,-0.004125541660086826,0.002655141660086865,1.0,0.8159844000000002,0.005358522188481114,-0.0002762999999999516,-0.003585445720568067,0.003032845720568164,0.9453125,0.8146065,0.0061143523550922455,-0.0016541999999999835,-0.004166773315919505,0.0008583733159195381,0.1640625,0.8165362,0.0071633699828440355,0.0002755000000000285,-0.0030472833021685315,0.003598283302168588,0.4765625,1.0,0.01652912992351496,1.0,1.0,1.0,1.0
task_3913_kc2,0.8313376666666666,0.03815179592313998,30,0.8319907666666667,0.04345009126269797,0.000653099999999999,-0.007783688273127503,0.0090898882731275,0.9541595860169443,0.8370705666666668,0.04502315322118344,0.0057329000000000034,-0.0027082567771607663,0.014174056777160774,0.24146855308259774,0.8313497,0.04056465129217256,7.260000000000044e-05,-0.021399213239630847,0.021544413239630845,0.71875,0.8313860999999999,0.04867816223466581,0.00010899999999999243,-0.01565172330453214,0.01586972330453212,0.875,0.8275397999999999,0.046178144209379206,-0.003737299999999999,-0.024894008405681966,0.017419408405681968,0.78125,0.8351596000000001,0.05308822610041599,0.0038824999999999997,-0.018302619470673784,0.026067619470673785,0.796875,1.0,1.0,1.0,1.0,1.0,1.0
task_3917_kc1,0.8560085666666668,0.01667923770209505,30,0.8601189333333334,0.01890175850956792,0.004110366666666672,0.0001451917566030721,0.008075541576730273,0.0390289612336746,0.8604348666666667,0.0177594711142385,0.004426300000000012,0.0010110590725344558,0.007841540927465569,0.03670994243151699,0.8534799999999999,0.020693387902634263,-0.0014219000000000094,-0.008021254046129604,0.005177454046129584,0.75,0.8591605,0.01857740470601617,0.004258600000000001,-0.004422811532123139,0.012940011532123142,0.390625,0.8596389,0.020467072311126707,0.004737000000000014,-0.004018234257419389,0.013492234257419416,0.22265625,0.8591696000000001,0.016630712299838524,0.004267700000000018,-0.005112900110198635,0.013648300110198672,0.2578125,1.0,1.0,1.0,1.0,1.0,1.0
task_3918_pc1,0.9350779,0.02120958999481781,30,0.9347721333333333,0.021264840441820674,-0.00030576666666664773,-0.002558264505386286,0.0019467311720529907,0.86328125,0.9353754666666667,0.021178087995709693,0.0002975666666666784,-0.0017729088114457705,0.0023680421447791274,0.5595703125,0.9359705999999999,0.024217594133191682,0.0017936000000000063,-0.003299948117452256,0.0068871481174522685,0.75,0.9350778999999999,0.021981098382473974,0.0009009000000000156,-0.0027573813691348175,0.004559181369134848,0.5,0.9359788,0.021422763043081054,0.001801800000000009,-0.0022741547759297888,0.005877754775929806,0.375,0.9350778999999999,0.02027374198563255,0.0009009000000000045,-0.002757381369134815,0.004559181369134824,0.75,1.0,1.0,1.0,1.0,1.0,1.0
task_3_kr-vs-kp,0.9965575999999998,0.004136111847350478,30,0.9965575999999998,0.004136111847350478,0.0,0.0,0.0,1.0,0.9965575999999998,0.004136111847350478,0.0,0.0,0.0,1.0,0.9965575999999998,0.004286564778467702,0.0,0.0,0.0,1.0,0.9965575999999998,0.004286564778467702,0.0,0.0,0.0,1.0,0.9965575999999998,0.004286564778467702,0.0,0.0,0.0,1.0,0.9965575999999998,0.004286564778467702,0.0,0.0,0.0,1.0,1.0,1.0,1.0,1.0,1.0,1.0
task_43_spambase,0.9585626666666667,0.010431402217817368,30,0.9571131666666665,0.008771673493000984,-0.0014495000000000072,-0.003383583998556718,0.0004845839985567037,0.10261878444386624,0.9574030333333332,0.0083262868177396,-0.0011596333333333394,-0.0030502939109233263,0.0007310272442566474,0.21668421577515562,0.957185,0.008864668947882686,-0.001740700000000006,-0.005740820557510884,0.002259420557510871,0.3359375,0.957619,0.00845878563651098,-0.001306700000000005,-0.006799435738831915,0.004186035738831905,0.8359375,0.9571856999999999,0.00798831823560714,-0.0017400000000000083,-0.006754205328655165,0.0032742053286551488,0.4453125,0.9580539,0.008569249979497092,-0.0008717999999999892,-0.006461485726959531,0.004717885726959552,0.533203125,1.0,1.0,1.0,1.0,1.0,1.0
task_49_tic-tac-toe,0.9934026666666667,0.009665227714938185,30,0.9934026666666667,0.009665227714938185,0.0,0.0,0.0,1.0,0.9934026666666667,0.009665227714938185,0.0,0.0,0.0,1.0,0.9927082,0.009882164537972214,0.0,0.0,0.0,1.0,0.9927082,0.009882164537972214,0.0,0.0,0.0,1.0,0.9927082,0.009882164537972214,0.0,0.0,0.0,1.0,0.9927082,0.009882164537972214,0.0,0.0,0.0,1.0,1.0,1.0,1.0,1.0,1.0,1.0
task_7592_adult,0.8735787666666665,0.00417193211406511,30,0.8726983333333334,0.004118665412680328,-0.0008804333333333377,-0.0015099913654088857,-0.0002508753012577898,0.001418690752634289,0.8725891333333333,0.0044110282227173715,-0.000989633333333347,-0.0016805319633273687,-0.0002987347033393252,0.007621077088918884,0.8723638000000001,0.00496480172592801,-0.0015357000000000176,-0.0027998584289062305,-0.00027154157109380477,0.01953125,0.8719955,0.00403463916189127,-0.0019040000000000057,-0.0027963566315731834,-0.0010116433684268283,0.005859375,0.8729782,0.004352384449930864,-0.0009213000000000027,-0.0016783307471298315,-0.00016426925287017378,0.025390625,0.8727121,0.0041260502891856355,-0.0011874000000000051,-0.002414032582409716,3.923258240970569e-05,0.03515625,0.04965417634220012,0.25911662102324207,0.64453125,0.193359375,0.8125,1.0
task_9910_Bioresponse,0.8052949666666667,0.0173026639696645,30,0.8066271666666668,0.018225927254370597,0.0013322000000000093,-0.0033577377072564526,0.006022137707256471,0.5902797535991227,0.8038713333333333,0.01942073862250552,-0.0014236333333333148,-0.005334527340205191,0.0024872606735385615,0.5160788155653416,0.8048512000000001,0.018477241712141143,0.00026760000000001225,-0.009764259506337249,0.010299459506337273,0.869140625,0.8077799999999999,0.02063816410331972,0.0031963999999999994,-0.0021046804564688023,0.008497480456468802,0.3359375,0.8051197999999999,0.018733840620652222,0.00053620000000002,-0.0053438205272896885,0.006416220527289728,0.8984375,0.8045809,0.02085343394823341,-2.6999999999888225e-06,-0.009215613695346979,0.009210213695347,0.98046875,1.0,1.0,1.0,1.0,1.0,1.0
task_9946_wdbc,0.9742374999999999,0.013596384031843885,30,0.9771614999999999,0.01669741683872709,0.002924000000000001,-0.0016547286696825167,0.007502728669682518,0.30712890625,0.9771614999999997,0.015373668038183857,0.002924000000000001,-0.0005524299728957216,0.006400429972895723,0.1796875,0.9771615,0.016632992950759047,0.0035088000000000007,-0.004428657052826341,0.011446257052826344,0.625,0.9754071,0.016934998005117493,0.0017544000000000004,-0.005369685729836996,0.008878485729836997,1.0,0.9771615,0.014431155411123536,0.0035088000000000007,-0.0017828380352175612,0.008800438035217562,0.5,0.9771615,0.016632992950759047,0.0035088000000000007,-0.004428657052826341,0.011446257052826344,0.625,1.0,1.0,1.0,1.0,1.0,1.0
task_9952_phoneme,0.9053222999999999,0.016092063960011574,30,0.9061226999999998,0.01439759145841582,0.0008003999999999938,-0.0020329430146988885,0.003633743014698876,0.6681077437666942,0.9083440333333334,0.014584984677171703,0.0030217333333333206,0.00013335749366544204,0.005910109173001199,0.03543065702302303,0.9047061000000001,0.015200942839544903,0.0007399000000000045,-0.0032639024146623235,0.004743702414662332,0.7578125,0.9058122000000001,0.016104567597768998,0.0018459999999999922,-0.004170042871200746,0.007862042871200731,0.6953125,0.9034088999999998,0.016725597491071373,-0.0005573000000000161,-0.00488373998226001,0.003769139982259978,0.84375,0.9043362,0.017479605365491913,0.00036999999999998145,-0.006629947447305536,0.007369947447305499,0.984375,1.0,1.0,1.0,1.0,1.0,1.0
task_9957_qsar-biodeg,0.8721025333333333,0.031776476243667556,30,0.8752501000000001,0.029768659227970527,0.0031475666666666642,-0.0017030299756476473,0.007998163308980975,0.3290180025609287,0.8742977000000001,0.02957142636484963,0.002195166666666659,-0.004283869066488512,0.008674202399821829,0.8515020616928536,0.8720937,0.02736527450397269,0.002821299999999971,-0.004377160209637817,0.01001976020963776,0.5234375,0.8749505,0.03653170423146933,0.005678099999999986,-0.0059421105939097,0.017298310593909672,0.3359375,0.8730549,0.02870737841837104,0.0037824999999999886,-0.004802425067568375,0.012367425067568353,0.375,0.8749686999999999,0.03239491967046001,0.005696299999999999,-0.003453800012140928,0.014846400012140926,0.1875,1.0,1.0,1.0,1.0,1.0,1.0
task_9971_ilpd,0.6983245666666666,0.05455002424013075,30,0.7029221333333332,0.060508460693516675,0.004597566666666667,-0.007200879806280728,0.016396013139614064,0.46497622075285683,0.7137736,0.06170286685766856,0.015449033333333343,0.0026879165913738633,0.028210150075292824,0.02731413160903659,0.7102280000000001,0.051405355019362234,0.01016959999999999,-0.019491472695232364,0.03983067269523234,0.42578125,0.717183,0.052553496528141064,0.01712459999999998,-0.004578152395714668,0.03882735239571462,0.203125,0.7016950000000001,0.05577875829660527,0.0016365999999999991,-0.023886384390174265,0.02715958439017426,0.734375,0.7086498999999999,0.05263261252926324,0.008591499999999985,-0.008065784729681596,0.025248784729681565,0.2421875,1.0,0.8655120790111279,1.0,1.0,1.0,1.0
task_9976_madelon,0.7161538666666669,0.030088516087145873,30,0.7166667,0.022592932311325534,0.000512833333333329,-0.011036655827173796,0.012062322493840453,0.7933747953079132,0.7182052,0.021614487902075416,0.00205133333333332,-0.008323828145931302,0.012426494812597942,0.5765170953650156,0.7134615,0.02539930357422337,-0.00423070000000002,-0.032031612100033545,0.023570212100033502,0.765625,0.7107692,0.02967060475285261,-0.006923000000000001,-0.03298601598064011,0.01914001598064011,0.716796875,0.7100001,0.018596434165063874,-0.0076921000000000125,-0.02740489306042497,0.012020693060424944,0.541015625,0.7157693,0.027404158614057886,-0.0019229000000000162,-0.031249254774480942,0.02740345477448091,0.796875,1.0,1.0,1.0,1.0,1.0,1.0
task_9977_nomao,0.9706852333333332,0.0023791013035689844,30,0.9697953666666667,0.002488150614735599,-0.0008898666666666722,-0.0014443857848566565,-0.00033534754847668795,0.004009673688372901,0.9697276666666668,0.0025737172142351835,-0.000957566666666676,-0.0016267422556988079,-0.00028839107763454423,0.009152381786586191,0.9699405000000001,0.002447343332858888,-0.0007255000000000011,-0.0015630280779109274,0.00011202807791092534,0.11328125,0.968896,0.0020861192572706874,-0.001770000000000016,-0.0027938515988220163,-0.0007461484011780156,0.005859375,0.9695921999999999,0.0020294446312011313,-0.0010738000000000026,-0.002132543032702559,-1.5056967297445755e-05,0.0625,0.9690701,0.002337199009736017,-0.0015959000000000168,-0.0025561670757966626,-0.0006356329242033711,0.0078125,0.13632890540467865,0.3020285989573443,1.0,0.193359375,1.0,0.2578125
task_9978_ozone-level-8hr,0.9467243666666666,0.009434620941468477,30,0.9459384333333334,0.0100415549684826,-0.000785933333333344,-0.002444400650187979,0.000872533983521291,0.48977169740656845,0.9461978333333332,0.009758738634161958,-0.0005265333333333344,-0.0023705615384349535,0.001317494871768285,0.40656461817969547,0.9487006000000001,0.009833699712948552,0.0007918999999999898,-0.002124447622708395,0.003708247622708375,0.484375,0.948696,0.00912269079457006,0.0007873000000000018,-0.003787119043858125,0.005361719043858129,0.734375,0.9467276,0.008144002212944491,-0.0011810999999999905,-0.005800414616977814,0.0034382146169778327,0.6875,0.9463321,0.00986586451074839,-0.001576600000000017,-0.005143500684307057,0.001990300684307023,0.2265625,1.0,1.0,1.0,1.0,1.0,1.0
