Thread 128167250024128,,,,,,,,,,,,,,,,,,,,,,,,,,,,,Description,Command
tree,depth,nodes,Active Samples,TreeTrain,NodeTrain,-FindBestCondition,---FindObliqueSetup,--ObliqueSplitSearch,--AxisAlignedSplitSearch,ApplyProjection,---EvaluateProj,----CartPath,-----CartSetup,--SortInitBuckets,--SortFillBuckets,--SortFeatures,-SortScanSplits,----HistoPath,----EntropyTableSetup,--HistogramSetup,--AssignSamplesToHist,--SelectBestThresholdHistogram,SplitExamplesInPlace,SetLeafValue,,,,,Helper invocation,python3 benchmarks/profiling/parallel_chrono.py --experiment_name=symmetric_nodewise_control_verify --symmetric_nodewise_control
0,0,0,0,171.806,0.0,0.0,0.0,0.0,0.0,0.0,0.0,0.0,0.0,0.0,0.0,0.0,0.0,0.0,0.0,0.0,0.0,0.0,0.0,0.0,,,,,Bazel build,bazel build --ui_event_filters=-warning -c opt --config=enable_std_upper_bound_avx2 --config=chrono_profile --config=symmetric_nodewise_control --ui_event_filters=-warning --repo_env=CC=/opt/intel/oneapi/compiler/latest/bin/icx --repo_env=CXX=/opt/intel/oneapi/compiler/latest/bin/icpx //examples:train_oblique_forest
0,1,1,3000000,0.0,3.03441,2.97684,0.0149979,2.9768,2.9056e-05,0.412154,2.54829,0.0,0.0,0.0,0.0,0.0,0.0,2.54825,0.684978,0.632112,1.22957,0.000297239,0.0357814,0.0217698,,,,,Binary command,./bazel-bin/examples/train_oblique_forest --num_trees=1 --feature_split_type=Oblique --compute_oob_performances=false --histogram_num_bins=64 --num_threads=1 --tree_depth=-1 --numerical_split_type=Dynamic Random Histogram --input_mode=trunk --rows=3000000 --cols=4096
0,2,2,3000000,0.0,2.96989,2.9192,0.00552484,2.91914,5.383e-05,0.445667,2.4677,0.0,0.0,0.0,0.0,0.0,0.0,2.46764,0.612485,0.631589,1.22273,0.000429005,0.0393309,0.0113451,,,,,,
0,3,4,3000000,0.0,2.99903,2.94942,0.00589743,2.94929,0.000127104,0.548058,2.39507,0.0,0.0,0.0,0.0,0.0,0.0,2.39498,0.527858,0.632349,1.23358,0.000698531,0.0358649,0.0137267,,,,,,
0,4,8,3000000,0.0,3.35961,3.29755,0.00805973,3.29733,0.000213625,0.891684,2.3972,0.0,0.0,0.0,0.0,0.0,0.0,2.3971,0.512321,0.631771,1.25137,0.00100679,0.0445815,0.0174567,,,,,,
0,5,16,3000000,0.0,3.84469,3.77866,0.00994074,3.77822,0.000407968,1.33849,2.42914,0.0,0.0,0.0,0.0,0.0,0.0,2.42895,0.516757,0.635169,1.27513,0.000904925,0.0443857,0.0216004,,,,,,
0,6,32,3000000,0.0,4.47314,4.39613,0.0136211,4.39527,0.000812976,1.94849,2.43214,0.0,0.0,0.0,0.0,0.0,0.0,2.43178,0.516971,0.639849,1.27147,0.00165341,0.0524749,0.02445,,,,,,
0,7,64,3000000,0.0,5.30983,5.20525,0.018551,5.20352,0.00164769,2.75532,2.42744,0.0,0.0,0.0,0.0,0.0,0.0,2.42652,0.519511,0.64503,1.25516,0.00317314,0.0773162,0.0270995,,,,,,
0,8,128,3000000,0.0,5.51858,5.41597,0.0245023,5.41254,0.00327645,2.9573,2.42714,0.0,0.0,0.0,0.0,0.0,0.0,2.42595,0.516426,0.655883,1.24178,0.00573392,0.0741788,0.028148,,,,,,
0,9,256,3000000,0.0,5.2197,5.10437,0.0342843,5.09773,0.00634614,2.64224,2.41561,0.0,0.0,0.0,0.0,0.0,0.0,2.41363,0.50157,0.661912,1.23063,0.00952838,0.0842292,0.0306038,,,,,,
0,10,512,3000000,0.0,5.35887,5.25649,0.0503576,5.24356,0.0124528,2.70107,2.48333,0.000402161,4.4783e-05,5.029e-06,2.3293e-05,0.000152578,0.000149868,2.47968,0.495455,0.677339,1.27485,0.0160546,0.0693481,0.0321787,,,,,,
0,11,1022,2999942,0.0,5.7926,5.66605,0.0764798,5.64158,0.0236694,2.96108,2.58971,0.0181904,0.00190509,0.000125728,0.00103904,0.00725329,0.00709122,2.56561,0.497292,0.707746,1.30682,0.0270732,0.0875931,0.037469,,,,,,
0,12,2032,2999799,0.0,5.70088,5.59837,0.116786,5.553,0.0440682,2.70033,2.71394,0.134354,0.0143143,0.00113804,0.00797948,0.0505055,0.0529302,2.56877,0.489266,0.725599,1.27721,0.0393771,0.0624146,0.037931,,,,,,
0,13,3908,2997976,0.0,6.13734,6.02575,0.194111,5.94214,0.0812715,2.73333,2.9784,0.367588,0.0398917,0.00335475,0.0220854,0.135499,0.143899,2.59124,0.472958,0.744007,1.26711,0.055627,0.0653297,0.0427352,,,,,,
0,14,7100,2992273,0.0,6.84074,6.72147,0.319553,6.57575,0.141728,2.91218,3.28429,0.819055,0.0903398,0.00832612,0.0497305,0.29402,0.319074,2.43127,0.434137,0.719406,1.15159,0.066363,0.0679551,0.0458277,,,,,,
0,15,11992,2973268,0.0,7.89157,7.75478,0.511821,7.51653,0.231767,3.20911,3.7019,1.47655,0.165767,0.0165506,0.0907904,0.51799,0.569956,2.17087,0.378534,0.654958,1.00533,0.0698425,0.078826,0.0497741,,,,,,
0,16,18542,2926444,0.0,9.02051,8.90213,0.767404,8.5442,0.348233,3.44319,4.19742,2.30133,0.261679,0.0279428,0.142775,0.794564,0.878304,1.81158,0.305253,0.555922,0.821543,0.0682103,0.0570179,0.0494213,,,,,,
0,17,26590,2841275,0.0,9.73282,9.6198,1.07478,9.12329,0.482876,3.25038,4.61409,3.16418,0.366287,0.042427,0.198552,1.06255,1.1977,1.33451,0.22167,0.415262,0.593326,0.0552771,0.0512695,0.0461087,,,,,,
0,18,35230,2698775,0.0,10.7737,10.6626,1.4399,9.99288,0.651619,3.24964,5.05888,3.93324,0.468286,0.0601234,0.250474,1.26926,1.4646,0.969251,0.156862,0.303283,0.428598,0.0425627,0.0474422,0.0440695,,,,,,
0,19,43326,2492579,0.0,11.0953,10.9886,1.67831,10.2022,0.764896,3.37381,4.867,4.04545,0.496734,0.0716187,0.262753,1.2407,1.47309,0.638231,0.102162,0.200708,0.280562,0.0290291,0.0429325,0.0413924,,,,,,
0,20,48596,2206301,0.0,10.9352,10.8396,1.86098,9.96552,0.850096,3.15081,4.6442,4.05257,0.514759,0.0800629,0.266839,1.1915,1.43979,0.387606,0.0612116,0.121408,0.171156,0.0178818,0.0375881,0.0346373,,,,,,
0,21,49664,1869970,0.0,10.0576,9.97423,1.87578,9.09117,0.859497,2.74584,4.15874,3.71713,0.481823,0.0810987,0.248346,1.04829,1.28996,0.234043,0.0369591,0.0738258,0.10274,0.0107948,0.03016,0.0308432,,,,,,
0,22,47226,1513797,0.0,8.99915,8.92917,1.77086,8.08726,0.818608,2.49347,3.5291,3.18185,0.424014,0.0764436,0.215456,0.857186,1.07269,0.150555,0.0241632,0.048457,0.0642765,0.00717786,0.0246419,0.0248714,,,,,,
0,23,41072,1163890,0.0,8.11912,8.05931,1.70494,7.24713,0.790219,2.09272,3.16407,2.86377,0.391086,0.0736219,0.196425,0.74221,0.941381,0.107795,0.0165714,0.0337936,0.047712,0.00507981,0.0202892,0.0207262,,,,,,
0,24,33560,849515,0.0,5.65315,5.61451,1.245,5.02138,0.576522,1.42959,2.14319,1.95338,0.270102,0.0533977,0.134786,0.49155,0.627945,0.0508292,0.00808927,0.0164081,0.0215863,0.00246613,0.0125243,0.0124937,,,,,,
0,25,25900,595843,0.0,4.70662,4.67578,1.08514,4.15658,0.504988,1.11347,1.77978,1.62453,0.2287,0.0466162,0.112992,0.397382,0.509544,0.0324457,0.00488673,0.0101013,0.0145474,0.00151244,0.00955381,0.0100074,,,,,,
0,26,18476,394756,0.0,2.94965,2.93013,0.681408,2.60434,0.316661,0.750295,1.06108,0.969447,0.138632,0.0289163,0.067358,0.231335,0.298359,0.014915,0.00231604,0.00480283,0.0063829,0.000726573,0.00636355,0.00598677,,,,,,
0,27,12884,257039,0.0,2.01497,2.00277,0.47506,1.77521,0.221072,0.51314,0.709618,0.648967,0.0940505,0.0200258,0.0456332,0.151415,0.19577,0.00731308,0.00117738,0.00240186,0.00302194,0.000373504,0.00359796,0.00363974,,,,,,
0,28,8328,155813,0.0,1.24564,1.23852,0.303955,1.09229,0.142051,0.298967,0.439864,0.400855,0.0586995,0.0128293,0.0280785,0.0913832,0.118474,0.00461901,0.000731519,0.00152193,0.00195273,0.000207627,0.00201334,0.00204682,,,,,,
0,29,5098,87881,0.0,0.75784,0.753449,0.18601,0.663596,0.0871181,0.188823,0.257359,0.234187,0.0348274,0.00788669,0.0166176,0.0517877,0.067099,0.00213555,0.000345887,0.000709305,0.000887649,9.8793e-05,0.00115964,0.00127983,,,,,,
0,30,2984,47813,0.0,0.418161,0.416046,0.107199,0.364017,0.0505595,0.0955644,0.14369,0.129881,0.0194891,0.00448839,0.0092621,0.0281857,0.0361795,0.00152309,0.000230722,0.00048557,0.000676784,6.369e-05,0.000570697,0.000545551,,,,,,
0,31,1540,23327,0.0,0.217386,0.216245,0.0562281,0.189301,0.0261281,0.05189,0.0721206,0.0657533,0.00996265,0.00231695,0.00472603,0.0139307,0.018205,0.0,0.0,0.0,0.0,0.0,0.000308458,0.000293409,,,,,,
0,32,804,11703,0.0,0.11093,0.110386,0.0293233,0.0963452,0.0136516,0.0254714,0.0368402,0.0335174,0.00509294,0.00119261,0.00241013,0.00716842,0.00903418,0.0,0.0,0.0,0.0,0.0,0.000144846,0.000136985,,,,,,
0,33,408,5219,0.0,0.0555082,0.055263,0.0149118,0.047968,0.00710856,0.0132698,0.0174123,0.0157226,0.00247172,0.000586849,0.00113542,0.00313755,0.00407711,0.0,0.0,0.0,0.0,0.0,6.6897e-05,6.1055e-05,,,,,,
0,34,182,2232,0.0,0.0251036,0.0250138,0.00664324,0.0218431,0.00308991,0.00653215,0.00760979,0.00686475,0.001073,0.000263252,0.000488163,0.00135726,0.00172179,0.0,0.0,0.0,0.0,0.0,2.092e-05,2.0121e-05,,,,,,
0,35,68,609,0.0,0.00899681,0.00896176,0.00245572,0.00777083,0.00116522,0.00242318,0.00249703,0.00221801,0.000368606,9.9648e-05,0.000164173,0.000368885,0.000495967,0.0,0.0,0.0,0.0,0.0,1.0402e-05,8.341e-06,,,,,,
0,36,20,218,0.0,0.00288142,0.00287008,0.000733573,0.00251304,0.000348894,0.000815589,0.000835147,0.000753389,0.000116462,3.2207e-05,5.5073e-05,0.000149016,0.000173797,0.0,0.0,0.0,0.0,0.0,2.941e-06,2.075e-06,,,,,,
0,37,6,27,0.0,0.000733905,0.000731281,0.000216535,0.000627955,0.000101326,0.000179291,0.000196928,0.000172413,2.8777e-05,1.0591e-05,1.3381e-05,2.31e-05,2.4901e-05,0.0,0.0,0.0,0.0,0.0,7.44e-07,6.59e-07,,,,,,
0,38,2,5,0.0,0.000216206,0.000215948,6.9388e-05,0.000182651,3.2655e-05,5.9509e-05,4.1411e-05,3.3133e-05,7.271e-06,1.812e-06,2.181e-06,2.501e-06,3.082e-06,0.0,0.0,0.0,0.0,0.0,0.0,0.0,,,,,,
